mode,batch,step,mse,grad_var,clip_rate
prior,8,0.0,25.059167643846965,0.33597258430172716,1.0
prior,8,50.0,1.5485242751638522,0.001159878883588155,0.43137254901960786
prior,8,100.0,2.722571257206052,0.0032801129925157176,0.44554455445544555
prior,8,150.0,0.7028165532589885,0.0023025366283859977,0.36423841059602646
prior,8,200.0,0.6318440751395118,0.0022107494880999807,0.3034825870646766
prior,8,250.0,0.2500089522069599,0.0027900915331232046,0.250996015936255
prior,8,300.0,0.33242227434378296,0.0024350978983505357,0.23588039867109634
prior,8,350.0,0.2697217506620225,0.002980930358902365,0.20512820512820512
prior,8,400.0,0.4801097750672566,0.0023697081207081374,0.19950124688279303
prior,8,450.0,2.5578655375219173,0.007099576145137019,0.18403547671840353
prior,8,500.0,0.2712157409246784,0.001665522229413212,0.18762475049900199
prior,8,550.0,0.31165278706327093,0.002050379176859588,0.1724137931034483
prior,8,600.0,0.4410818875092764,0.005047327859289956,0.15806988352745424
prior,8,650.0,0.2780181580997791,0.0005988650982515112,0.14592933947772657
prior,8,700.0,0.34326610800225227,0.0005312712616202504,0.1383737517831669
prior,8,750.0,0.3049549754555269,0.0002770612598327083,0.12916111850865514
prior,8,800.0,0.28225532353235416,0.0003626956149816714,0.12109862671660425
prior,8,850.0,0.3873120688691172,0.001474263005331592,0.11398354876615746
prior,8,900.0,0.3751877537110912,0.0010702832785156138,0.1076581576026637
prior,8,950.0,0.23750685349631975,0.0009881540077737077,0.10199789695057834
prior,8,1000.0,0.2711277386594511,0.0009135076916146231,0.0969030969030969
prior,8,1050.0,0.33627974761615226,0.0010589160832009208,0.0922930542340628
prior,8,1100.0,0.27988586900655343,0.0008898100006588781,0.08810172570390554
prior,8,1150.0,0.6828589985954406,0.00040558434716229973,0.0842745438748914
prior,8,1200.0,0.31625391782974727,0.0010792270547116591,0.08076602830974189
prior,8,1250.0,0.33466395252941694,0.00038819957878055125,0.07753796962430055
prior,8,1300.0,0.37345214492859613,0.00034767731887085194,0.07455803228285934
prior,8,1350.0,0.34925104307158045,0.0005787622453984778,0.07179866765358993
prior,8,1400.0,0.3023743942521172,0.0006675208827296215,0.06923625981441828
prior,8,1450.0,0.22877233491252263,0.00016368046135321705,0.06685044796691937
prior,8,1500.0,0.31973714655758945,0.00026391732627923514,0.06462358427714857
prior,8,1550.0,0.23354256511228083,0.00037377916581118637,0.06254029658284978
prior,8,1600.0,0.26599591076166407,0.0003633627868154517,0.060587133041848845
prior,8,1650.0,0.23222150229745747,0.0006192163839346383,0.05875227135069655
prior,8,1700.0,0.23280155786041123,0.0001992515856772176,0.05702527924750147
prior,8,1750.0,0.23985457555272444,0.00045540182188909235,0.05539691604797259
prior,8,1800.0,0.27560356872245206,0.0003876172960527006,0.05385896724042199
prior,8,1850.0,0.29565653252823815,0.0003841866139716271,0.05240410588870881
prior,8,1900.0,0.41023058408971946,0.00041287458916899254,0.05102577590741715
prior,8,1950.0,0.26928499352136875,0.00026972545350671613,0.04971809328549462
prior,8,2000.0,0.34524925148357716,0.0002758223016673384,0.04847576211894053
prior,8,2050.0,0.24555441828641342,0.00069821241072724,0.04729400292540224
prior,8,2100.0,0.2542521070789284,0.0003472882357455886,0.0461684911946692
prior,8,2150.0,0.2371366258719122,0.0002978463083413454,0.04509530450953045
prior,8,2200.0,0.29931055609042384,0.0001791067780894731,0.04407087687414812
prior,8,2250.0,0.2742573682325823,0.00023901046438148856,0.04309195912927588
prior,8,2300.0,0.31565340100950684,0.0003247212691195091,0.042155584528465885
prior,8,2350.0,0.2670562922992713,0.00030096686385442485,0.04125903870693322
prior,8,2400.0,0.24455494553332538,0.00023831093173281364,0.04039983340274885
prior,8,2450.0,0.24770478473769414,0.0004098828624826489,0.039575683394532844
prior,8,2500.0,0.2598506524198256,0.00028586316571200886,0.03878448620551779
prior,8,2550.0,0.27875175109622885,0.0005648022980768835,0.038024304194433554
prior,8,2600.0,0.25725315317574593,0.0003924679948481471,0.03729334871203383
prior,8,2650.0,0.35478333539682344,0.0005425058768985638,0.036589966050546964
prior,8,2700.0,0.29850941836754125,0.000781470398859562,0.03591262495372084
prior,8,2750.0,0.26477923301619344,0.0005768516671603677,0.03525990548891312
prior,8,2800.0,0.25176966681773677,8.512972557383337e-05,0.034630489111031774
prior,8,2850.0,0.2821299538050829,0.00024855433778285123,0.03402314977200982
prior,8,2900.0,0.2291134627827023,0.0006335784702142987,0.033436745949672525
prior,8,2950.0,0.2789912413192429,0.0003455083991425549,0.03287021348695358
prior,8,3000.0,0.27947844508585357,0.00040586635578298056,0.032322559146951015
prior,8,3050.0,0.2473684238361961,0.0002595269813662125,0.03179285480170436
prior,8,3100.0,0.27515579774080695,0.0006551903702963446,0.03128023218316672
prior,8,3150.0,0.23206225567484032,0.0003168974489127881,0.03078387813392574
prior,8,3200.0,0.2528097281313183,0.00033990166571947844,0.030303030303030304
prior,8,3250.0,0.28539219759917683,0.00011219505641925844,0.029836973239003382
prior,8,3300.0,0.24540805201180713,0.0004631831269308643,0.0293850348379279
prior,8,3350.0,0.26913785061511525,0.0004993715363729118,0.028946583109519548
prior,8,3400.0,0.23011330648464012,0.0003811606401470739,0.028521023228462217
prior,8,3450.0,0.2603122603552555,0.00017245732603889317,0.028107794842074763
prior,8,3500.0,0.3753080386913244,0.0002544980675902391,0.027706369608683234
prior,8,3550.0,0.32698743467804137,0.0005790168394989608,0.027316248943959447
prior,8,3600.0,0.2768997690873989,0.0004294102254052752,0.026936961955012495
prior,8,3650.0,0.2899844105348036,0.0003049986596868449,0.026568063544234456
prior,8,3700.0,0.2323129033367578,0.00040239421557870906,0.0262091326668468
prior,8,3750.0,0.2341110377962382,0.00018806423028016662,0.025859770727805917
prior,8,3800.0,0.24528248730888724,0.000559053282570761,0.025519600105235463
prior,8,3850.0,0.2840781600099644,0.00017777541130006676,0.025188262788886005
prior,8,3900.0,0.23596113718116324,0.00016271245247368964,0.024865419123301716
prior,8,3950.0,0.23396935517675593,0.0003125435346249209,0.02455074664641863
prior,8,4000.0,0.29464938555473646,0.0004299739946349753,0.02424393901524619
prior,8,4050.0,0.24175813807965615,0.00023701254741795237,0.023944705011108368
prior,8,4100.0,0.2861887129934942,0.00028972646458173053,0.02365276761765423
prior,8,4150.0,0.2649149549750787,0.0006301923009667007,0.023367863165502288
prior,8,4200.0,0.231343382097631,0.0003315194486734515,0.02308974053796715
prior,8,4250.0,0.3040862387034619,0.0001829437355467099,0.02281816043283933
prior,8,4300.0,0.2369573839846605,0.00032943030322267936,0.022552894675656823
prior,8,4350.0,0.37045330249332,0.0006773017197395821,0.02229372558032636
prior,8,4400.0,0.22916949090557376,0.0003136250233202009,0.02204044535332879
prior,8,4450.0,0.24447416214608572,0.0003085082979103322,0.02179285553808133
prior,8,4500.0,0.25305333435080996,0.00029905040304960983,0.021550766496334146
prior,8,4550.0,0.2751269001660722,0.0002393013658353058,0.02131399692375302
prior,8,4600.0,0.24631985265191847,0.0005574900310472088,0.02108237339708759
prior,8,4650.0,0.25554467288328064,0.0001231507274783038,0.02085572995054827
prior,8,4700.0,0.251276502946729,0.0002704365976173591,0.02063390767921719
prior,8,4750.0,0.2623121675951995,0.00019658760752074445,0.02041675436750158
prior,8,4800.0,0.27494677901418585,0.0004889046083994746,0.020204124140804
prior,8,4850.0,0.27649969806685704,0.0006318773080300837,0.019995877138734283
prior,8,4900.0,0.28343565519111547,0.00041679085202793914,0.01979187920832483
prior,8,4950.0,0.2731717369867244,0.0003241750304515373,0.019592001615835186
prior,8,5000.0,0.23617073754216603,0.00027332659476405897,0.019396120775844832
prior,8,5050.0,0.22948644986247416,0.00023993029090954408,0.01920411799643635
prior,8,5100.0,0.2567827485293355,0.0003572030720872157,0.01901587923936483
prior,8,5150.0,0.23758695721415143,0.00017669362314634058,0.018831294894195303
prior,8,5200.0,0.24449991495750892,0.00019353666143030718,0.018650259565468178
prior,8,5250.0,0.2743258321795288,0.0004942406829505431,0.018472671872024376
prior,8,5300.0,0.4872686619479426,0.00033167175375407046,0.018298434257687228
prior,8,5350.0,0.23180957253936157,0.0006303581435316253,0.0181274528125584
prior,8,5400.0,0.23614234747863685,0.00039779492063768396,0.017959637104239954
prior,8,5450.0,0.22681935579420437,0.00012572626774920556,0.017794900018345258
prior,8,5500.0,0.23268542128961336,0.00044393015257913296,0.01763315760770769
prior,8,5550.0,0.24898888403591965,0.0006850811522283397,0.017474328949738785
prior,8,5600.0,0.2615726224423075,0.00021558506008858498,0.01731833601142653
prior,8,5650.0,0.4084526875096391,0.0004192327541856799,0.017165103521500618
prior,8,5700.0,0.23489748475270145,0.0002755959404791046,0.01701455884932468
prior,8,5750.0,0.2341274696439172,0.00034195554219381834,0.01686663189010607
prior,8,5800.0,0.26589637696691365,0.0003985078328935687,0.016721254956042063
prior,8,5850.0,0.2500867531116413,0.0001995887161850346,0.016578362673047343
prior,8,5900.0,0.24149902601069828,0.0005714250628941266,0.01643789188273174
prior,8,5950.0,0.2289752399846319,0.00057816216257538,0.016299781549319443
prior,8,6000.0,0.3563460721159497,0.00030315765857849667,0.016163972671221463
prior,8,6050.0,0.28733837525457573,0.0005554572494496443,0.01603040819699223
prior,8,6100.0,0.2261084571871838,0.00040008184777049936,0.015899032945418785
prior,8,6150.0,0.24365151825402745,0.0003602039730100591,0.015769793529507397
prior,8,6200.0,0.2515695960603549,0.00040500891199963575,0.01564263828414772
prior,8,6250.0,0.22887867817577562,0.000265703449429471,0.01551751719724844
prior,8,6300.0,0.3005680177606764,0.0006940191950572147,0.015394381844151721
prior,8,6350.0,0.24595355990712733,0.00042045488912394256,0.015273185325145646
prior,8,6400.0,0.23470162617972948,0.0004161760803903029,0.015153882205905328
prior,8,6450.0,0.2574905024173341,0.00012490585633821022,0.015036428460703766
prior,8,6500.0,0.24327899534293038,0.0004440911797679273,0.014920781418243347
prior,8,6550.0,0.2396981335495124,0.0002619294854769159,0.014806899709967944
prior,8,6600.0,0.3481201957167262,0.0008698394516869719,0.014694743220724133
prior,8,6650.0,0.23730559397523504,0.0001981916280473806,0.014584273041647873
prior,8,6700.0,0.28091111356395526,0.0005407321169828553,0.014475451425160425
prior,8,6750.0,0.2670935886485405,9.738099491109499e-05,0.014368241741964154
prior,8,6800.0,0.22883398432341487,0.0006086003584744913,0.014262608439935303
prior,8,6850.0,0.22630996552020405,0.00013556847190190744,0.014158517004816814
prior,8,6900.0,0.3166142678437825,0.00036731452736437015,0.01405593392261991
prior,8,6950.0,0.24738010018681125,0.0002669076060465517,0.013954826643648397
prior,8,7000.0,0.2767818353452476,0.00014546173557942354,0.013855163548064563
prior,8,7050.0,0.25256503311897877,0.0007736897222079362,0.013756913912920153
prior,8,7100.0,0.23758951617601204,0.00020586463342738625,0.0136600478805802
prior,8,7150.0,0.24682473943473865,0.00045331117131577013,0.013564536428471543
prior,8,7200.0,0.2539500947623569,0.0002092726843853745,0.013470351340091655
prior,8,7250.0,0.24718590902956786,0.0005330523332026306,0.013377465177216935
prior,8,7300.0,0.22982390844481732,0.000301035618915494,0.013285851253252979
prior,8,7350.0,0.24445224094083084,0.00033781997094851603,0.013195483607672425
prior,8,7400.0,0.2872122871289021,0.00019123523922806907,0.013106336981488989
prior,8,7450.0,0.25314133790879656,0.0006381084953129683,0.013018386793718964
prior,8,7500.0,0.2479564839666191,0.00015827180461433957,0.012931609118784161
prior,8,7550.0,0.2269182272622558,0.00022210991344655823,0.012845980664812608
prior,8,7600.0,0.36792042837691635,0.00012228658599885763,0.012761478752795685
prior,8,7650.0,0.25246097934051276,0.0005220962448392428,0.012678081296562541
prior,8,7700.0,0.22953166970929684,0.0003221236840656191,0.012595766783534607
prior,8,7750.0,0.23741820153187815,0.00044962561096591983,0.012514514256225004
prior,8,7800.0,0.24798862481749148,0.0005383882872662032,0.012434303294449429
prior,8,7850.0,0.2976175321116258,0.00038441477024309947,0.012355113998216788
prior,8,7900.0,0.27606903955983275,0.0001404326627429676,0.01227692697126946
prior,8,7950.0,0.22807395713182535,0.0001451091936338906,0.012199723305244624
prior,8,8000.0,0.2474324808190179,0.00028263877315625754,0.012123484564429446
prior,8,8050.0,0.2650368871724388,0.0003994091835385586,0.012048192771084338
prior,8,8100.0,0.24583604366470188,7.537661431830322e-05,0.011973830391309715
prior,8,8150.0,0.2578296760212825,0.00015142886022802095,0.011900380321432954
prior,8,8200.0,0.25595652406202335,0.0003547457905914473,0.011827825874893306
prior,8,8250.0,0.25001249795717967,0.00038416765800628605,0.011756150769603685
prior,8,8300.0,0.2324245585551053,0.0003655735347293236,0.011685339115769184
prior,8,8350.0,0.23104020271401574,0.0002779838697438624,0.011615375404143216
prior,8,8400.0,0.2970584641434173,5.165313239296011e-05,0.011546244494703012
prior,8,8450.0,0.29529446735435955,0.0003277251821039202,0.011477931605727134
prior,8,8500.0,0.24233513924303987,0.0006337205961720899,0.01141042230325844
prior,8,8550.0,0.2455483875742686,0.0005584402865897828,0.011343702490936733
prior,8,8600.0,0.2529284566502847,0.0001684343149163604,0.011277758400186026
prior,8,8650.0,0.24132736374882963,0.00027193968630882657,0.01121257658074211
prior,8,8700.0,0.24041814888892066,0.0003438166371855465,0.011148143891506724
prior,8,8750.0,0.3505506049541485,0.0002472640468839341,0.011084447491715232
prior,8,8800.0,0.24939955773180947,0.00042641455362458385,0.011021474832405408
prior,8,8850.0,0.26491636859728335,0.0003959612110512684,0.010959213648175347
prior,8,8900.0,0.2547617570132894,0.0001323270279746622,0.010897651949219189
prior,8,8950.0,0.4129819852987315,0.00021033536529189154,0.010836778013629762
prior,8,9000.0,0.2514948528560261,0.0003640945895163635,0.010776580379957783
prior,8,9050.0,0.2615381202781442,0.0003550576112883407,0.010717047840017677
prior,8,9100.0,0.22629334734849643,0.00017645441335867556,0.010658169431930558
prior,8,9150.0,0.23669571987867727,0.00012776593421083145,0.010599934433395257
prior,8,9200.0,0.3063372873945308,0.0002238319724855215,0.010542332355178785
prior,8,9250.0,0.26121342744132137,0.0004013386419233409,0.010485352934817857
prior,8,9300.0,0.27197911858548846,0.0003064465648056912,0.0104289861305236
prior,8,9350.0,0.2682235959685942,0.0008678864663961086,0.010373222115281787
prior,8,9400.0,0.23318274093967403,0.0003348009948798052,0.010318051271141368
prior,8,9450.0,0.22739449736088932,7.322494388276072e-05,0.010263464183684266
prior,8,9500.0,0.23704371779311303,0.00037513768727877507,0.010209451636669824
prior,8,9550.0,0.23630814233942918,0.00016077454590388598,0.01015600460684745
prior,8,9600.0,0.30480657098856184,0.0002357334395731961,0.01010311425893136
prior,8,9650.0,0.2882597859794284,0.00032025186464190123,0.010050771940731531
prior,8,9700.0,0.3181009306584075,0.00023761210047553146,0.009998969178435213
prior,8,9750.0,0.22905102034804434,0.0001556211715596681,0.009947697672033637
prior,8,9800.0,0.24621183528511711,0.0001502119118944668,0.009896949290888685
prior,8,9850.0,0.2769460534115475,0.00025627341264335547,0.009846716069434575
prior,8,9900.0,0.28673139960653216,0.00033122013605957454,0.009796990203009797
prior,8,9950.0,0.2689089140008363,0.00017971607614154558,0.009747764043814692
prior,8,10000.0,0.24068359522509694,0.0005176977978930019,0.0096990300969903
prior,8,10050.0,0.23539931755276314,0.00029905798379568384,0.009650781016814247
prior,8,10100.0,0.26746874287444133,0.00027886668019061494,0.009603009603009603
prior,8,10150.0,0.23462924824043752,0.0003300959660260372,0.00955570879716284
prior,8,10200.0,0.3070600152930837,0.0008085253217323462,0.009508871679247133
prior,8,10250.0,0.23098007457344913,0.0005421122181877988,0.00946249146424739
prior,8,10300.0,0.2618988755538519,0.00012365922745845515,0.009416561498883603
prior,8,10350.0,0.2939497005102885,0.00018083836777861258,0.009371075258429137
prior,8,10400.0,0.2744956374505163,0.0002603002056485686,0.009326026343620805
prior,8,10450.0,0.23222015228534734,0.0002842737352165292,0.00928140847765764
prior,8,10500.0,0.26997354159027787,0.00032291819778980694,0.009237215503285401
prior,8,10550.0,0.2549620176901554,0.00032887380208904826,0.009193441379963984
prior,8,10600.0,0.24671292910447104,0.00019654995069027912,0.009150080181114989
prior,8,10650.0,0.3207331551282322,0.00017355832794157944,0.009107126091446812
prior,8,10700.0,0.2662410953862315,0.0006258102475151726,0.009064573404354733
prior,8,10750.0,0.24349714296625805,0.0002887402521597356,0.009022416519393546
prior,8,10800.0,0.23485460112580842,0.00011947883844534666,0.008980649939820387
prior,8,10850.0,0.2330486584361029,0.0002914842076565773,0.008939268270205511
prior,8,10900.0,0.2830551702363083,0.00012989603709896667,0.008898266214108797
prior,8,10950.0,0.23327680680084728,0.0005399008724676298,0.008857638571819926
prior,8,11000.0,0.2518933540140211,0.0009033377151278755,0.008817380238160167
prior,8,11050.0,0.2620030910356737,0.0001439768052910472,0.00877748620034386
prior,8,11100.0,0.3822085748774047,0.00017436001109167159,0.008737951535897667
prior,8,11150.0,0.24617050999633194,0.0002673100623716894,0.008698771410635818
prior,8,11200.0,0.23413250340789388,0.0003371322433035804,0.008659941076689581
prior,8,11250.0,0.39298368381040827,0.0008196171487859689,0.008621455870589281
prior,8,11300.0,0.362615964510068,0.0008109895465426989,0.00858331121139722
prior,8,11350.0,0.293660390517414,0.0004439890502816781,0.008545502598889965
prior,8,11400.0,0.23163021150859037,0.00029532626873574237,0.00850802561178844
prior,8,11450.0,0.2508814775471654,0.0005828157818023406,0.008470875906034408
prior,8,11500.0,0.2782801263576417,0.00022599855884951193,0.008434049213111904
prior,8,11550.0,0.28966030536799486,0.0004907385290053466,0.008397541338412258
prior,8,11600.0,0.25777684909207094,0.000266996873853392,0.00836134815964141
prior,8,11650.0,0.2633104115092722,0.00011483815018444389,0.008325465625268218
prior,8,11700.0,0.2519936638379815,8.514448068441096e-05,0.008289889753012564
prior,8,11750.0,0.22740741138947088,0.0006212694895975635,0.008254616628372053
prior,8,11800.0,0.23004736674062495,0.00020912648804316758,0.008219642403186171
prior,8,11850.0,0.27467512277771905,0.0003071250949071629,0.008184963294236774
prior,8,11900.0,0.23121930789281012,0.00014806275390072222,0.008150575581883875
prior,8,11950.0,0.23072345605153977,6.651513451920614e-05,0.008116475608735671
prior,8,12000.0,0.23148271891417113,0.00016896202052327157,0.008082659778351804
prior,8,12050.0,0.22872239977632042,0.00028225157761856747,0.008049124553978923
prior,8,12100.0,0.25320522865943274,0.00011587520471916603,0.008015866457317578
prior,8,12150.0,0.2523744566120152,0.00047121408540755957,0.007982882067319562
prior,8,12200.0,0.24219603094524017,0.0002520618727072884,0.007950168019014835
prior,8,12250.0,0.25543161325771485,0.0003904546729758954,0.007917721002367154
prior,8,12300.0,0.229554399091019,0.00027135908492835996,0.00788553776115763
prior,8,12350.0,0.2540996136342257,0.0003406535971622509,0.007853615091895394
prior,8,12400.0,0.37834218363283745,0.00026675042125720995,0.007821949842754616
prior,8,12450.0,0.24656289431448444,0.00017923171470989477,0.007790538912537145
prior,8,12500.0,0.25915268682897286,0.00036572798098952815,0.007759379249660027
prior,8,12550.0,0.3685501191351609,0.0006245325049047582,0.0077284678511672375
prior,8,12600.0,0.2304170039255114,0.0003568438935933406,0.007697801761764939
prior,8,12650.0,0.2388116305196362,0.0005586178668396144,0.0076673780728796145
prior,8,12700.0,0.26802962699010063,0.00038748120448627493,0.007637193921738446
prior,8,12750.0,0.2755555754979407,0.00019892756742308343,0.007607246490471335
prior,8,12800.0,0.2334483625047573,0.0005896411867146329,0.007577533005233966
prior,8,12850.0,0.23495934404277663,8.92790851058815e-05,0.007548050735351334
prior,8,12900.0,0.2888976074629894,0.0002095231102787399,0.007518796992481203
prior,8,12950.0,0.29999098641933064,0.000423553938138033,0.007489769129796927
prior,8,13000.0,0.2901125375541061,0.0004846704889535587,0.007460964541189139
prior,8,13050.0,0.27467153429307084,0.00013289701828736529,0.0074323806604857864
prior,8,13100.0,0.24939751627049714,0.00015332965335407997,0.007404014960690024
prior,8,13150.0,0.3043374960612148,0.00050136488732869,0.007375864953235495
prior,8,13200.0,0.25836093895158396,0.00016244543104662281,0.007347928187258541
prior,8,13250.0,0.27849984957574925,0.00016643728974560307,0.007320202248886877
prior,8,13300.0,0.2324242948441291,0.0003141753015386607,0.00729268476054432
prior,8,13350.0,0.2419622089455743,8.028010425302132e-05,0.00726537338027114
prior,8,13400.0,0.22672797344345683,0.0003587384051774818,0.007238265801059622
prior,8,13450.0,0.28737098617128354,0.00032562563701817076,0.007211359750204446
prior,8,13500.0,0.25102932164338426,0.0003579503749879047,0.007184652988667506
prior,8,13550.0,0.2656715328517902,0.0004288702855640775,0.007158143310456793
prior,8,13600.0,0.30580394102876973,0.0006215137058804725,0.007131828542018969
prior,8,13650.0,0.23071803419132125,0.0004314401437472276,0.0071057065416453005
prior,8,13700.0,0.27517298366290427,0.0002624325074047234,0.007079775198890592
prior,8,13750.0,0.25834604005719186,0.0005648443333088419,0.0070540324340048
prior,8,13800.0,0.2263162760743776,0.0002545900229738508,0.0070284761973770015
prior,8,13850.0,0.23485048304318695,0.00022784231735004882,0.007003104468991409
prior,8,13900.0,0.2277821985920014,0.00012739004459848906,0.006977915257895115
prior,8,13950.0,0.26523888562203296,0.00013603635999225473,0.006952906601677299
prior,8,14000.0,0.3137501789644741,0.00020962189324605658,0.006928076565959574
prior,8,14050.0,0.31155636801988096,0.0006444523756894414,0.006903423243897231
prior,8,14100.0,0.2938496960996669,0.0001428820345718984,0.006878944755691086
prior,8,14150.0,0.2356648430131598,0.00019929193995880102,0.006854639248109674
prior,8,14200.0,0.25162643370319204,0.00015072245442490412,0.006830504894021548
prior,8,14250.0,0.26861427843456986,0.00032078706992771976,0.006806539891937408
prior,8,14300.0,0.2519887775704257,0.00029544780479251584,0.006782742465561849
prior,8,14350.0,0.23689523486682634,0.0001236290381477656,0.00675911086335447
prior,8,14400.0,0.23480600289014908,0.00019209784190937594,0.0067356433581001315
prior,8,14450.0,0.2657511961266399,0.00023083824431074072,0.006712338246488132
prior,8,14500.0,0.22782278805965364,0.00025942688830949805,0.00668919384870009
prior,8,14550.0,0.2413714298415044,0.0003400658493591181,0.006666208508006323
prior,8,14600.0,0.2693884423182016,0.0003081551664874859,0.006643380590370522
prior,8,14650.0,0.27980329742329635,0.0002756850768458685,0.006620708484062521
prior,8,14700.0,0.23951753255426736,0.0002656179667725906,0.006598190599278961
prior,8,14750.0,0.26027877094138496,0.00025650120319757266,0.006575825367771676
prior,8,14800.0,0.23900407503860222,0.00020516047611583146,0.006553611242483616
prior,8,14850.0,0.22878131850554667,0.0002695006673066895,0.006531546697192108
prior,8,14900.0,0.2272724538171102,0.0002180485806246545,0.0065096302261593185
prior,8,14950.0,0.22712804520724822,0.0001678163058932139,0.006487860343789713
prior,8,15000.0,0.22891912368348233,0.0003866958746830033,0.00646623558429438
prior,8,15050.0,0.24376807528472813,0.00038287771213850566,0.006444754501362036
prior,8,15100.0,0.27064988413680124,0.00039984320765581815,0.006423415667836567
prior,8,15150.0,0.2285145586655217,0.0001484232977701993,0.006402217675400963
prior,8,15200.0,0.273409387910782,0.0005475686225239013,0.0063811591342674825
prior,8,15250.0,0.3081729252525372,0.000364685193334855,0.00636023867287391
prior,8,15300.0,0.26142186425087377,0.0002484356356316775,0.0063394549375857786
prior,8,15350.0,0.2799196296980302,0.00021532689557270793,0.006318806592404404
prior,8,15400.0,0.2378027396470015,0.0002613376239944835,0.006298292318680605
prior,8,15450.0,0.27564572438281343,0.0002688946113751906,0.006277910814833991
prior,8,15500.0,0.24141817169593974,0.00021542470801831564,0.0062576607960776725
prior,8,15550.0,0.26567115033442407,0.0001346623935015084,0.006237540994148286
prior,8,15600.0,0.24535574072939448,0.0002341189804189045,0.006217550157041216
prior,8,15650.0,0.2699285313148024,0.0002707111316438717,0.006197687048750879
prior,8,15700.0,0.27047905201938477,0.00028309225492123845,0.0061779504490159865
prior,8,15750.0,0.2512436222829905,0.00041166348967356997,0.006158339153069646
prior,8,15800.0,0.24092445521054484,0.0002510797795353725,0.006138851971394216
prior,8,15850.0,0.2285900896685449,0.0002778228602291204,0.00611948772948079
prior,8,15900.0,0.32242360557292343,0.0005350793142912957,0.006100245267593233
prior,8,15950.0,0.2530751006613572,0.000384728901930451,0.0060811234405366435
prior,8,16000.0,0.27300343499471624,0.00027912744547623457,0.00606212111743016
prior,8,16050.0,0.26930624707698547,9.613061734691391e-05,0.00604323718148402
prior,8,16100.0,0.23943763285531525,0.00020713053682130668,0.006024470529780759
prior,8,16150.0,0.2445862729777595,0.00035903946228244086,0.006005820073060492
prior,8,16200.0,0.23825650629249817,0.0001606567544078538,0.0059872847355101535
prior,8,16250.0,0.28501216757262093,0.00044652858108216407,0.005968863454556643
prior,8,16300.0,0.24319718550687,0.00018692699219380427,0.005950555180663763
prior,8,16350.0,0.23440045124952366,0.00016191377784201077,0.005932358877132897
prior,8,16400.0,0.23352788595189547,0.0002004751182534255,0.005914273519907322
prior,8,16450.0,0.27901390382803104,0.00035546817647848054,0.005896298097380098
prior,8,16500.0,0.24714141186347646,0.0003326200917231408,0.005878431610205442
prior,8,16550.0,0.23149245748256592,0.00024416371648608995,0.005860673071113528
prior,8,16600.0,0.24612054277328846,0.00020776067746563372,0.005843021504728631
prior,8,16650.0,0.2344420137614264,0.0001770018227460946,0.005825475947390547
prior,8,16700.0,0.273715460544095,0.0001744493947162099,0.005808035446979223
prior,8,16750.0,0.26465273386850263,0.00022176295890575184,0.005790699062742523
prior,8,16800.0,0.262470968277284,7.133462559433848e-05,0.005773465865127076
prior,8,16850.0,0.257028870024722,0.00017155971990658817,0.0057563349356121295
prior,8,16900.0,0.26750579422415316,0.0003325582555595378,0.0057393053665463585
prior,8,16950.0,0.2543895571354684,0.00028833890769110497,0.005722376260987552
prior,8,17000.0,0.22959876528346954,0.00010284281400642905,0.005705546732545144
prior,8,17050.0,0.23668793676131733,0.0003428292009940608,0.0056888159052255
prior,8,17100.0,0.4301208371137517,0.00010638108256601697,0.005672182913279925
prior,8,17150.0,0.2321339410829469,0.00040717553131687485,0.005655646901055332
prior,8,17200.0,0.26634524296308737,0.0006448260536633204,0.005639207022847509
prior,8,17250.0,0.2361558611826279,0.00040311084931326976,0.0056228624427569415
prior,8,17300.0,0.2275198246857974,0.001052770322231938,0.005606612334547136
prior,8,17350.0,0.37095976566674743,0.00023429435396286828,0.005590455881505389
prior,8,17400.0,0.2963983160703405,0.000976788848873239,0.005574392276305959
prior,8,17450.0,0.2560872608046997,0.00026978975099780527,0.005558420720875594
prior,8,17500.0,0.27553548612498946,0.00027355981870694836,0.005542540426261356
prior,8,17550.0,0.24759792664258998,0.00031674372825970626,0.005526750612500712
prior,8,17600.0,0.2901935005179372,0.0004155480362723471,0.0055110505084938356
prior,8,17650.0,0.2280981443722751,0.0002200435010150659,0.005495439351878081
prior,8,17700.0,0.27497640899042447,0.00013484897547302331,0.005479916388904582
prior,8,17750.0,0.25244701984566226,0.0005286106329841589,0.00546448087431694
prior,8,17800.0,0.24046435744239605,6.875461357805661e-05,0.005449132071231953
prior,8,17850.0,0.2315041485779106,0.00014483212727026191,0.005433869251022351
prior,8,17900.0,0.2345742439943819,0.00012236517797452874,0.005418691693201497
prior,8,17950.0,0.24601766577010245,0.00018752748786588712,0.005403598685310011
prior,8,18000.0,0.2395838739792376,0.00020824320561716367,0.005388589522804289
prior,8,18050.0,0.237697681106349,0.0001793957842577969,0.005373663508946872
prior,8,18100.0,0.25780629527231275,0.00038695185079696615,0.005358819954698635
prior,8,18150.0,0.2363752024348538,0.0004467551961734421,0.005344058178612748
prior,8,18200.0,0.24008482949509788,0.00032039211636391787,0.0053293775067303996
prior,8,18250.0,0.24645767805442423,0.00010434236610344018,0.00531477727247822
prior,8,18300.0,0.2399206950758201,0.00028783600780679403,0.005300256816567401
prior,8,18350.0,0.239694226179123,0.00023966498045165414,0.005285815486894447
prior,8,18400.0,0.25215977242835014,0.00033897897072783414,0.005271452638443563
prior,8,18450.0,0.251667332590707,0.00023191133195406873,0.005257167633190613
prior,8,18500.0,0.25932797640813837,0.0003442935885020729,0.005242959840008648
prior,8,18550.0,0.2780596563426996,0.0004575594933102401,0.0052288286345749556
prior,8,18600.0,0.450526879126363,0.00019939461805104175,0.005214773399279608
prior,8,18650.0,0.2515470652328769,0.00021566636414945732,0.0052007935231354885
prior,8,18700.0,0.28417867755655063,0.0006139569749321296,0.005186888401689749
prior,8,18750.0,0.25096020788061923,7.274854625828843e-05,0.005173057436936697
prior,8,18800.0,0.22528700560128592,0.00010418272831917384,0.005159300037232062
prior,8,18850.0,0.24225453501543917,0.00023967397034728788,0.005145615617208636
prior,8,18900.0,0.2499075323060457,0.0004940602058030466,0.005132003597693243
prior,8,18950.0,0.2265332303364602,0.0002891622278857812,0.005118463405625033
prior,8,19000.0,0.25857291688091216,0.0003559963244266001,0.005104994473975054
prior,8,19050.0,0.29281900507566966,0.0005790638620561683,0.005091596241667104
prior,8,19100.0,0.32198610753914253,0.00022287523168870916,0.0050782681534998165
prior,8,19150.0,0.23919529891513286,0.0003203851110888723,0.0050650096600699706
prior,8,19200.0,0.2289398303098369,0.00031216835699991274,0.005051820217696995
prior,8,19250.0,0.23947771987833527,0.0003137915807726904,0.005038699288348657
prior,8,19300.0,0.25625788385053516,9.601656818719365e-05,0.005025646339567898
prior,8,19350.0,0.2321999073240069,0.00011146584445871482,0.005012660844400806
prior,8,19400.0,0.23848257012252042,0.0003200154570325054,0.004999742281325705
prior,8,19450.0,0.29374639382450957,0.0003343240049898703,0.004986890134183333
prior,8,19500.0,0.25114700096911097,0.00018807704880252843,0.004974103892108097
prior,8,19550.0,0.31482155653827965,0.00019150787653593432,0.004961383049460386
prior,8,19600.0,0.357256282236199,0.00022427024968140182,0.00494872710575991
prior,8,19650.0,0.2565071523892393,0.0003215123158327024,0.00493613556562007
prior,8,19700.0,0.244996454178394,0.00039674328056722095,0.004923607938683316
prior,8,19750.0,0.2355624102086037,0.0002643387253492402,0.0049111437395574905
prior,8,19800.0,0.28643856781236415,0.00041573554486230873,0.004898742487753144
prior,8,19850.0,0.25244353421180526,0.00018175564696661008,0.0048864037076217825
prior,8,19900.0,0.238565149869639,0.0001301880229851939,0.004874126928295061
prior,8,19950.0,0.23611737335571323,0.0002469688273864659,0.004861911683624881
prior,8,20000.0,0.23781067089664068,0.00022214823972010057,0.004849757512124394
prior,8,20050.0,0.24608933883550094,0.00014185943637481685,0.00483766395690988
prior,8,20100.0,0.24658873712225082,0.0003313471910564801,0.0048256305656435
prior,8,20150.0,0.23426803284410555,0.00035919823632507043,0.004813656890476899
prior,8,20200.0,0.2433207701007409,0.0004597059468500409,0.004801742487995643
prior,8,20250.0,0.24372420879490653,0.0003217904707384862,0.004789886919164486
prior,8,20300.0,0.23579500753925225,0.00029605425281342137,0.004778089749273435
prior,8,20350.0,0.23571259754190105,0.00044898427504243727,0.004766350547884625
prior,8,20400.0,0.2520554489017816,0.0002915536438615401,0.004754668888779962
prior,8,20450.0,0.24724841665217825,0.00019037201748948259,0.00474304434990954
prior,8,20500.0,0.24367079354415522,0.0003232113919835108,0.004731476513340813
prior,8,20550.0,0.23521548392584468,0.00024999891634242504,0.004719964965208505
prior,8,20600.0,0.24979935958714874,0.0001836341163096825,0.004708509295665259
prior,8,20650.0,0.22550639192052954,0.00017532271531849522,0.004697109098832987
prior,8,20700.0,0.23465384515305882,8.162182607357617e-05,0.004685763972754939
prior,8,20750.0,0.22809317556002612,0.00040191194384312466,0.0046744735193484654
prior,8,20800.0,0.2589725555269049,2.8748228200524906e-05,0.004663237344358444
prior,8,20850.0,0.24307874726327622,0.00019188027103495217,0.0046520550573114
prior,8,20900.0,0.23908984270192854,0.00036123947573927633,0.004640926271470265
prior,8,20950.0,0.2323483086855756,0.00010524629294126081,0.0046298506037897955
prior,8,21000.0,0.292746073129187,0.00023921027969295053,0.0046188276748726255
prior,8,21050.0,0.29486499667571525,0.0004115707020067544,0.004607857108925942
prior,8,21100.0,0.23296275947946402,0.00023733649799288122,0.004596938533718781
prior,8,21150.0,0.2886278798179445,8.136016648770274e-05,0.0045860715805399275
prior,8,21200.0,0.2470964807781256,0.000331584882864748,0.004575255884156408
prior,8,21250.0,0.24364605443493179,0.0001773242886360293,0.004564491082772576
prior,8,21300.0,0.2635921751152236,0.0006362994896944943,0.004553776817989766
prior,8,21350.0,0.23474372112581432,0.00053299515958812,0.004543112734766521
prior,8,21400.0,0.24087867593094422,0.00010896053154292124,0.004532498481379375
prior,8,21450.0,0.22737617359644174,0.00018644745525683536,0.004521933709384178
prior,8,21500.0,0.2468840271288663,0.00019833752882872938,0.004511418073577973
prior,8,21550.0,0.27228734502901947,0.0002062244060743239,0.004500951231961394
prior,8,21600.0,0.22871125628126057,0.00015607072539684889,0.004490532845701588
prior,8,21650.0,0.24915862923619148,0.00018257441835421424,0.004480162579095654
prior,8,21700.0,0.2297628934690794,0.00034426026743436224,0.004469840099534584
prior,8,21750.0,0.23981808612043154,0.0002688033611374182,0.004459565077467703
prior,8,21800.0,0.23627927456968575,0.0004067869424144439,0.004449337186367598
prior,8,21850.0,0.3059250683217698,0.000133500569878933,0.004439156102695529
prior,8,21900.0,0.23203703170283954,0.000490623116110963,0.004429021505867312
prior,8,21950.0,0.232972733994982,0.0002457300966382694,0.004418933078219671
prior,8,22000.0,0.298855925559673,0.0002304440921659055,0.004408890504977047
prior,8,22050.0,0.2555090888299336,0.00022601500245997993,0.004398893474218856
prior,8,22100.0,0.28795597383773885,0.00031631416520442094,0.004388941676847201
prior,8,22150.0,0.24922407532341098,0.00012781537529752869,0.004379034806555009
prior,8,22200.0,0.3103316122995773,0.0003035204945600674,0.004369172559794604
prior,8,22250.0,0.2494311440064829,0.0003247423358994327,0.004359354635746708
prior,8,22300.0,0.2755846095434472,0.0006167775891365911,0.0043495807362898525
prior,8,22350.0,0.23961320648139633,9.82630987501603e-05,0.004339850565970202
prior,8,22400.0,0.36355831787152576,0.00030359389693188917,0.004330163831971787
prior,8,22450.0,0.2353578417432838,0.0002999013223307989,0.004320520244087123
prior,8,22500.0,0.230060217231542,0.0003408172093205408,0.004310919514688236
prior,8,22550.0,0.2482905484572615,0.00027386522867546814,0.004301361358698062
prior,8,22600.0,0.2431289897804944,0.0001787797075447796,0.004291845493562232
prior,8,22650.0,0.23948393281848934,0.0002692388661822913,0.004282371639221226
prior,8,22700.0,0.23675407471162885,0.0002400958591982824,0.004272939518082904
prior,8,22750.0,0.2287372302959287,0.00012845478534829276,0.004263548854995385
prior,8,22800.0,0.25444546473999763,0.00018003536075090925,0.004254199377220298
prior,8,22850.0,0.22910366042293537,0.000869312935999217,0.004244890814406372
prior,8,22900.0,0.25650879562027273,0.00019163259387381415,0.004235622898563381
prior,8,22950.0,0.25252003305794024,0.00019626194829032643,0.004226395364036425
prior,8,23000.0,0.2390515712443821,0.00025892813631660184,0.004217207947480544
prior,8,23050.0,0.2543461608253968,0.000349359222279141,0.0042080603878356685
prior,8,23100.0,0.23186954274459254,0.00013095324067657812,0.004198952426301892
prior,8,23150.0,0.2766411295366812,0.0005269251160419595,0.004189883806315062
prior,8,23200.0,0.23286842596998206,0.0002236401226439837,0.004180854273522693
prior,8,23250.0,0.2454938335209423,0.00028926159748624887,0.004171863575760182
prior,8,23300.0,0.26525711769903243,0.00013781780786938653,0.004162911463027338
prior,8,23350.0,0.25328998836186695,0.0004168339295785842,0.004153997687465205
prior,8,23400.0,0.24479096739358472,0.0002716769058613734,0.004145122003333191
prior,8,23450.0,0.30801488365262025,0.0003267176550073313,0.004136284166986482
prior,8,23500.0,0.2269877678625749,0.00011071373313035225,0.004127483936853751
prior,8,23550.0,0.2669312504735872,0.00036737595651394354,0.004118721073415142
prior,8,23600.0,0.23047752132014193,0.0008699372683605072,0.004109995339180543
prior,8,23650.0,0.2609914610257721,0.00016685050371236052,0.004101306498668133
prior,8,23700.0,0.23745367558321134,0.00020227495234538052,0.004092654318383191
prior,8,23750.0,0.2252366066023832,0.0001687702168424446,0.004084038566797187
prior,8,23800.0,0.2772471986663152,7.552252922988828e-05,0.004075459014327129
prior,8,23850.0,0.22857106356094575,0.0002440892318449285,0.004066915433315165
prior,8,23900.0,0.23723091848113853,0.0002577979384816694,0.004058407598008452
prior,8,23950.0,0.2323430415310595,0.00019925034129873574,0.004049935284539267
prior,8,24000.0,0.24535452228259794,9.087464315873737e-05,0.004041498270905379
prior,8,24050.0,0.2337031474108124,0.0004419737584332517,0.004033096336950647
prior,8,24100.0,0.258684097038146,0.00029523503605959186,0.004024729264345878
prior,8,24150.0,0.23327998086913357,0.00021827054362522685,0.004016396836569914
prior,8,24200.0,0.39112628818614725,0.0008966625848010799,0.004008098838890955
prior,8,24250.0,0.24205958247299106,0.0001754659475529071,0.0039998350583481095
prior,8,24300.0,0.2661469585667692,0.00018528370376102223,0.00399160528373318
prior,8,24350.0,0.2396438556148006,0.0003213198462331963,0.003983409305572666
prior,8,24400.0,0.2273944151845004,0.00021289839526723913,0.003975246916109995
prior,8,24450.0,0.26140638799458843,0.00014799661972880472,0.0039671179092879635
prior,8,24500.0,0.293413692022561,0.00047054311940432077,0.0039590220807313985
prior,8,24550.0,0.2523131292274702,0.00017263470947924604,0.003950959227730031
prior,8,24600.0,0.2966622707200384,0.00016607696437743736,0.0039429291492215765
prior,8,24650.0,0.2374615219982914,0.00014348421764489008,0.003934931645775019
prior,8,24700.0,0.26600813759177083,0.0003644430298801635,0.0039269665195741064
prior,8,24750.0,0.23901258850347154,6.314216178893446e-05,0.003919033574401034
prior,8,24800.0,0.24761782956851972,0.0003558515523717989,0.003911132615620338
prior,8,24850.0,0.25324248560154444,0.00034849070360183274,0.0039032634501629713
prior,8,24900.0,0.24764203971303111,0.0002820130116361079,0.003895425886510582
prior,8,24950.0,0.3031042160928835,0.0005501957014857696,0.003887619734679973
is,8,0.0,25.071258930619116,0.2714591926835989,1.0
is,8,50.0,0.37609586674349743,0.006276780928613423,0.9411764705882353
is,8,100.0,1.1171135245882124,0.013003368461362606,0.9108910891089109
is,8,150.0,0.38300329076698725,0.0038722914497634755,0.9006622516556292
is,8,200.0,0.9023985685476374,0.001474642233638478,0.8606965174129353
is,8,250.0,0.4093943051176469,0.005177954791096621,0.852589641434263
is,8,300.0,1.1009840742655659,0.005604655840456846,0.8272425249169435
is,8,350.0,0.31804646641433254,0.0032030550920698385,0.8005698005698005
is,8,400.0,0.6363076740526927,0.00350773005890985,0.773067331670823
is,8,450.0,0.24843897114191515,0.0008718702024337781,0.7073170731707317
is,8,500.0,0.24676980531642823,0.0015182522247692363,0.6506986027944112
is,8,550.0,0.24992498320537226,0.0008032304463676526,0.6297640653357531
is,8,600.0,0.41827837300618204,0.001905078641819201,0.610648918469218
is,8,650.0,0.3284818501737363,0.0010770905920055108,0.5960061443932412
is,8,700.0,0.2283181964934459,0.0019232415571086812,0.572039942938659
is,8,750.0,0.2450730501511189,0.0023059121924444027,0.5459387483355526
is,8,800.0,0.22547165277569342,0.001051759162606811,0.5280898876404494
is,8,850.0,0.2586285249948894,0.00098966578463607,0.5017626321974148
is,8,900.0,0.2946770888552399,0.0017192665796608778,0.47613762486126526
is,8,950.0,0.3789963853428593,0.001976496200761312,0.45741324921135645
is,8,1000.0,0.23687282503662943,0.0030901374536772253,0.43756243756243757
is,8,1050.0,0.6607325110048298,0.0017862630033208386,0.4224548049476689
is,8,1100.0,0.23480782743437198,0.00041364730586016175,0.40599455040871935
is,8,1150.0,0.5408040083034029,0.0015527036294916059,0.3953084274543875
is,8,1200.0,0.24441785344753197,0.0006702569795945766,0.38301415487094087
is,8,1250.0,0.5630924455094048,0.001449838418967386,0.37729816147082335
is,8,1300.0,0.3312840582531372,0.0008736187548029682,0.3727901614142967
is,8,1350.0,0.2677418899305253,0.0004440078771929349,0.3612139156180607
is,8,1400.0,0.2529349328550692,0.0020847992455261407,0.35046395431834404
is,8,1450.0,0.31089732569578005,0.0008333592106447418,0.34114403859407305
is,8,1500.0,0.6671695194132667,0.002512623649054613,0.33777481678880744
is,8,1550.0,0.5672999097141035,0.00020661552917270302,0.33913604126370084
is,8,1600.0,0.2619943389348756,0.004321450759765688,0.33041848844472205
is,8,1650.0,0.37901287704835707,0.00030181822394254813,0.3246517262265294
is,8,1700.0,0.24481405013554927,0.0008383340899011971,0.31804820693709585
is,8,1750.0,0.23138907186734015,0.0009237733070667563,0.3118218161050828
is,8,1800.0,0.4257577010996501,0.0012162516281250986,0.30927262631871183
is,8,1850.0,0.5264080391569109,0.0010306794398206906,0.30524041058887086
is,8,1900.0,0.2978392470947183,0.0005284669015992042,0.29931614939505524
is,8,1950.0,0.4665924126493672,0.0031166549123751133,0.2947206560738083
is,8,2000.0,0.3889526146124767,0.0005901176787873906,0.2893553223388306
is,8,2050.0,0.5134463921362266,0.0003235018222721058,0.28717698683568993
is,8,2100.0,0.42147716336256946,0.0010584367537952908,0.2836744407425036
is,8,2150.0,0.4611703434351347,0.0017858025831508553,0.2803347280334728
is,8,2200.0,0.33712554952806184,0.000672453976982477,0.2766924125397547
is,8,2250.0,0.27895759813436205,0.0008219933241814315,0.2741003998223012
is,8,2300.0,0.47627252294568156,0.0032631856632030676,0.26988265971316816
is,8,2350.0,0.3241981463931653,0.0005563998456552922,0.26839642705231814
is,8,2400.0,0.3477178568015138,0.0007619758602573928,0.2644731361932528
is,8,2450.0,0.22833353361411826,0.0012049158390165066,0.26438188494492043
is,8,2500.0,0.28041352943097486,0.0006555941604937347,0.26109556177528986
is,8,2550.0,0.3413226940720794,0.0003347414935923532,0.25833006664053315
is,8,2600.0,0.3186200831567202,0.0006365849210579895,0.25413302575932334
is,8,2650.0,0.4388492689772765,0.0006686789144039692,0.25160316861561677
is,8,2700.0,0.24589025164820738,0.0003711397674972083,0.24953720844131802
is,8,2750.0,0.43303675440803624,0.0026908659460955337,0.24790985096328608
is,8,2800.0,0.22801693982619525,0.0007866688739407853,0.24491253123884327
is,8,2850.0,0.3078807065279325,0.0005064065976525013,0.24096808137495615
is,8,2900.0,0.28783897005055914,0.0007541905849666826,0.2378490175801448
is,8,2950.0,0.234312252210008,0.0008773767496363733,0.2341579125720095
is,8,3000.0,0.24465104011840927,0.00020371448982398283,0.2315894701766078
is,8,3050.0,0.26352148174384543,0.0038349586369357145,0.22910521140609635
is,8,3100.0,0.29158888110371667,0.0009417107931421615,0.2254111576910674
is,8,3150.0,0.83545416865314,0.000383172825306685,0.22596001269438273
is,8,3200.0,0.6071703002376971,0.0007567896300915896,0.22399250234301782
is,8,3250.0,0.3315097260482338,0.00041692951001546586,0.22331590279913874
is,8,3300.0,0.3172328081873072,0.0005782922268030692,0.22205392305362012
is,8,3350.0,0.3156484569841272,0.0017303757850346416,0.22262011339898538
is,8,3400.0,0.2839740415631168,0.0014059377959459666,0.2225815936489268
is,8,3450.0,0.4086045426177327,0.0019712439337646994,0.22283396117067517
is,8,3500.0,0.32664737126971344,0.00025618106966837845,0.22165095686946587
is,8,3550.0,0.2641521507188471,0.0003738938958112887,0.2224725429456491
is,8,3600.0,0.28262426076104796,0.0007755060092439272,0.22132740905304082
is,8,3650.0,0.2994283706172716,0.0006617318361458402,0.222130923034785
is,8,3700.0,0.2533917973400652,0.0017789215436939067,0.22156174007025128
is,8,3750.0,0.2787210113465247,0.0014102803351051455,0.21994134897360704
is,8,3800.0,0.46127512670523185,0.002838063949851023,0.2170481452249408
is,8,3850.0,0.4239236639948655,0.0005790091394209207,0.21578810698519865
is,8,3900.0,0.23839204008762568,0.0005934998607830285,0.2163547808254294
is,8,3950.0,0.2936065831072724,0.001712605949049888,0.2181726145279676
is,8,4000.0,0.24467964738652223,0.000520778331094458,0.21669582604348914
is,8,4050.0,0.36649976392487066,0.0007361532984939026,0.21402122932609233
is,8,4100.0,0.3426495793112855,0.0003357302576795905,0.21287490855888808
is,8,4150.0,0.36820592585368506,0.00025443464497781725,0.21079258010118043
is,8,4200.0,0.2957151709741188,0.0007707303535666025,0.20947393477743395
is,8,4250.0,0.23993431048513794,0.0026580463084211587,0.20795107033639143
is,8,4300.0,0.2599058417195187,0.0005764997022303319,0.20599860497558709
is,8,4350.0,0.2278488838781113,0.0009230410039532078,0.2052401746724891
is,8,4400.0,0.24772727370834097,0.0015571591018949974,0.20290842990229493
is,8,4450.0,0.3158194217717397,0.0008650964113933992,0.20062907211862502
is,8,4500.0,0.43050579503602804,0.002288109441501563,0.19906687402799378
is,8,4550.0,0.341616577424665,0.00030306486258247856,0.1995165897604922
is,8,4600.0,0.28613731428221445,0.001284138337671955,0.1980004346881113
is,8,4650.0,0.3143822684911298,0.0008332141294455295,0.19780692324231347
is,8,4700.0,0.310213855709303,0.0008187128683426614,0.19697936609232078
is,8,4750.0,0.3468895522246077,0.003940849037959431,0.1953272995158914
is,8,4800.0,0.24120530177099203,0.0001361880649786726,0.1960008331597584
is,8,4850.0,0.2685787503344172,0.0006308300761107279,0.19501133786848074
is,8,4900.0,0.2701933699615826,0.002142546933549796,0.1940420322383187
is,8,4950.0,0.29654719372372984,0.0006268934152144877,0.19309230458493234
is,8,5000.0,0.2323277831454197,0.0005085919407491534,0.1911617676464707
is,8,5050.0,0.266873062425929,0.0008623137265427483,0.18966541278954663
is,8,5100.0,0.3157156860900623,0.0010486077997816296,0.1893746324250147
is,8,5150.0,0.23416938052292233,0.00042870488551757026,0.18850708600271793
is,8,5200.0,0.3257396828268553,0.0013682393522154218,0.18727167852336088
is,8,5250.0,0.29889608056175276,0.0006573555271113459,0.1860597981336888
is,8,5300.0,0.36168556355105774,0.0006399990740194929,0.18468213544614223
is,8,5350.0,0.27570947688149294,0.0007044311614278047,0.18389086152121098
is,8,5400.0,0.3246142817391395,0.00103571757550789,0.18385484169598224
is,8,5450.0,0.23050919908200043,0.0004566573976631553,0.18326912493120529
is,8,5500.0,0.5001376310830319,0.001959755195577468,0.18233048536629703
is,8,5550.0,0.25342399211706185,0.00024488821291107166,0.18140875517924698
is,8,5600.0,0.4110071177113269,0.0010103749576411253,0.18086056061417605
is,8,5650.0,0.2937655502080324,0.001171383595939783,0.17996814723057866
is,8,5700.0,0.31501083502011923,0.00027061562653757864,0.18067005788458165
is,8,5750.0,0.40295098883610136,0.0004530965018951354,0.17979481829247088
is,8,5800.0,0.697135605903279,0.001323678128603844,0.17893466643682124
is,8,5850.0,0.31136223482879133,0.0006449680745567073,0.17877285934028372
is,8,5900.0,0.3032075707413571,0.004480400648801149,0.17776648025758346
is,8,5950.0,0.34675648932792513,0.0002623031095438379,0.17879348008738027
is,8,6000.0,0.553828131692458,0.0018852530767688013,0.17880353274454258
is,8,6050.0,0.272658844035451,0.0007135489096282474,0.1783176334490167
is,8,6100.0,0.2415281181751001,0.0008002143058511361,0.17734797574168168
is,8,6150.0,0.2559268291295876,0.0002554835923987352,0.1765566574540725
is,8,6200.0,0.9534520849350565,0.0006949958246464935,0.17658442186744072
is,8,6250.0,0.23043665126242155,0.0017477132630838756,0.1762917933130699
is,8,6300.0,0.2637809108786712,0.0005084747625387453,0.17536898904935724
is,8,6350.0,0.5401625298047548,0.0005659805334508972,0.17446071484805542
is,8,6400.0,0.2734379923156216,0.0005263982330970197,0.17403530698328387
is,8,6450.0,0.26031556521519994,0.0005374933622930773,0.17315144938769184
is,8,6500.0,0.25746246641127774,0.0003533347528355597,0.17258883248730963
is,8,6550.0,0.3598999765392269,0.0026679920414757127,0.1729506945504503
is,8,6600.0,0.840146656624106,0.0007574933603744124,0.17330707468565368
is,8,6650.0,0.2333054206916214,0.0009030904864733776,0.1726056232145542
is,8,6700.0,0.6197925494099198,0.000263542931052219,0.17221310252201164
is,8,6750.0,0.4097142954127346,0.0012277209316809035,0.17212264849651904
is,8,6800.0,0.24689178974614578,0.003400822836845675,0.17159241288045876
is,8,6850.0,0.2838821273843369,0.0001941410176520843,0.17267552182163187
is,8,6900.0,0.2915080381850524,0.0004718449143958574,0.17200405738298796
is,8,6950.0,0.3404927889078709,0.0004175961002246523,0.17162998129765503
is,8,7000.0,0.23983755734568063,0.0008167485940073351,0.17154692186830453
is,8,7050.0,0.23285281126068783,0.0013318534404242065,0.17075592114593674
is,8,7100.0,0.23299440266468371,0.0001696092040207435,0.16983523447401774
is,8,7150.0,0.2928223451280916,0.0010051013740912317,0.16878758215634176
is,8,7200.0,0.23497019144128006,0.0006417841960729944,0.16789334814609083
is,8,7250.0,0.25154992757678396,0.0006015296999646518,0.1679768307819611
is,8,7300.0,0.3455232840805932,0.00039523374250197173,0.16723736474455553
is,8,7350.0,0.39463076587566004,0.0005229363855172132,0.16691606584138213
is,8,7400.0,0.3198490887270636,0.0010167511989009784,0.16673422510471558
is,8,7450.0,0.2660792353304357,0.0009618430563719608,0.1657495638169373
is,8,7500.0,0.2856586633367499,0.0006687489240834358,0.1651779762698307
is,8,7550.0,0.2738329856301008,0.0003686474880159871,0.16434909283538604
is,8,7600.0,0.2742942614336557,0.000579578436154698,0.16379423760031575
is,8,7650.0,0.24886706824230986,0.0006434335860840638,0.16324663442687232
is,8,7700.0,0.22981243246862373,0.0012727179618101793,0.16283599532528242
is,8,7750.0,0.805721712764514,0.0009654176139785691,0.16268868533092504
is,8,7800.0,0.4284750205121461,0.000396453835760752,0.16369696192795796
is,8,7850.0,0.3774899260206606,0.0004671431077838065,0.16354604508979748
is,8,7900.0,0.32907232583710255,0.0008464298888594111,0.16314390583470448
is,8,7950.0,0.24584086868075974,0.0008475926675507085,0.16236951326877122
is,8,8000.0,0.31431551336721486,0.0009104756472692275,0.161604799400075
is,8,8050.0,0.3863195759017106,0.0013514137625720633,0.1613464165942119
is,8,8100.0,0.4929750639553754,0.0015876012305161523,0.16096778175533885
is,8,8150.0,0.4941986896782746,0.0006009154518877873,0.1604711078395289
is,8,8200.0,0.28068804409121684,0.0008429995506995637,0.1598585538348982
is,8,8250.0,0.24041106715232632,0.00039843782356559405,0.15985941098048723
is,8,8300.0,0.2499868859335377,0.002133509936484712,0.158896518491748
is,8,8350.0,0.3999921084452701,0.001240352314519623,0.1586636330978326
is,8,8400.0,0.4017005319262013,0.0008562814878542683,0.15819545292227116
is,8,8450.0,0.23882208138441266,0.0006252141627266724,0.1579694710685126
is,8,8500.0,0.23455670604742523,0.00036914092067297965,0.15751088107281497
is,8,8550.0,0.31569599012878824,0.00027278235644558253,0.15694070868904222
is,8,8600.0,0.24313696531981727,0.0003227073425984516,0.15637716544587837
is,8,8650.0,0.3949985123984852,0.001168906491394432,0.15593572997341348
is,8,8700.0,0.36216733652096655,0.0008500867368905671,0.15538443857027928
is,8,8750.0,0.3570925213562565,0.00043770352495133295,0.155296537538567
is,8,8800.0,0.2448610161999136,0.0003562119836369485,0.1554368821724804
is,8,8850.0,0.3083274678750323,0.0007300769128353147,0.15512371483448198
is,8,8900.0,0.31633212699395413,0.0011449391769642072,0.15515110661723402
is,8,8950.0,0.28599388738694437,0.0005918165503400225,0.15450787621494805
is,8,9000.0,0.3031096979984485,0.0007992894798462345,0.15498277969114543
is,8,9050.0,0.2901761688834689,0.0006408087168188823,0.15467904098994587
is,8,9100.0,0.3611692451292561,0.0008110604396689441,0.15426876167454126
is,8,9150.0,0.3952670554389439,0.00046410754957529186,0.15440935416894327
is,8,9200.0,0.28431296810190554,0.00015543389257650195,0.15422236713400717
is,8,9250.0,0.4027033127230823,0.0021727725508587314,0.1545778834720571
is,8,9300.0,0.2305864383446734,0.0020485209959941746,0.1541769702182561
is,8,9350.0,0.3693946667900636,0.0006402622758924932,0.1533525826114854
is,8,9400.0,0.3620712765756582,0.0009558904847418322,0.15285607914051696
is,8,9450.0,0.33097250057798694,0.00032781946304749664,0.1521532113003915
is,8,9500.0,0.2846151690368124,0.000272621970432985,0.15156299336911905
is,8,9550.0,0.3059278223826078,0.0010014730704945233,0.15097895508323736
is,8,9600.0,0.2458420725854312,0.0008172271983677598,0.15071346734715133
is,8,9650.0,0.36903537334853387,0.0005020889265927154,0.15076157911097296
is,8,9700.0,0.27456380426689814,0.0010129231319593187,0.15049994845892176
is,8,9750.0,0.2375523727343984,0.0011000077965203352,0.1497282330017434
is,8,9800.0,0.30572711364917904,0.0004905224160858401,0.14906642179369453
is,8,9850.0,0.5300131121393138,0.0017886094268852464,0.14851284133590498
is,8,9900.0,0.29260487156926107,0.00029201028966905853,0.14836885163114838
is,8,9950.0,0.4550160559612409,0.0008042018329354975,0.14792483167520853
is,8,10000.0,0.383589398037817,0.0010623344576901807,0.147985201479852
is,8,10050.0,0.3882190282059305,0.0007729740340269573,0.14744801512287334
is,8,10100.0,0.24909758505604446,0.0002724185486755759,0.14671814671814673
is,8,10150.0,0.2553876815854081,0.0005456943324287815,0.1469805930450202
is,8,10200.0,0.2562884946206266,0.001148493589280386,0.1462601705715126
is,8,10250.0,0.23078659355905587,0.0007741795660281145,0.14574187884108866
is,8,10300.0,0.44638385518116097,0.0010695723000416258,0.14561693039510726
is,8,10350.0,0.26549304112005495,0.0007257264674512175,0.14549318906385855
is,8,10400.0,0.42738064940909753,0.0009432397223533348,0.14508220363426594
is,8,10450.0,0.5654688504720878,0.001590155686565822,0.144962204573725
is,8,10500.0,0.35496922852322293,0.00050433460200707,0.14503380630416152
is,8,10550.0,0.2543795928231259,0.0004337585182727544,0.1458629513790162
is,8,10600.0,0.27220603246178837,0.0002276665973728396,0.14555230638619
is,8,10650.0,0.2808612235348793,0.0005282720440207127,0.14505680217819922
is,8,10700.0,0.255210137439908,0.0008065575495136484,0.14456592841790486
is,8,10750.0,0.25919778506191915,0.0011373905211327117,0.14435866431029673
is,8,10800.0,0.29008536190007306,0.0009224726175571045,0.14396815109712063
is,8,10850.0,0.7608155022558755,0.00024106888905087664,0.1442263385863054
is,8,10900.0,0.3311000526906122,0.0004583066168545048,0.14420695349050547
is,8,10950.0,0.4099642072801488,0.0016749679100590805,0.14354853438042187
is,8,11000.0,0.29092428106628604,0.0004971046277567034,0.14353240614489593
is,8,11050.0,0.34941293473489404,0.001204345921098755,0.14306397611075922
is,8,11100.0,0.28050019510657453,0.0005933353316534802,0.14250968381226917
is,8,11150.0,0.29114489547346584,0.0002534710509568764,0.14267778674558335
is,8,11200.0,0.3726149066934078,0.000619047839431855,0.14248727792161414
is,8,11250.0,0.6003342287487863,0.00045448855041548664,0.14220958137054485
is,8,11300.0,0.3021097507664618,0.00015978767661715214,0.14202282983806744
is,8,11350.0,0.3259771215200948,0.0003251050638036638,0.14192582151352304
is,8,11400.0,0.33683197990307123,0.00041322420913464977,0.14165424085606526
is,8,11450.0,0.5886085673607242,0.0010361747685944346,0.14234564666841323
is,8,11500.0,0.2488048257466405,0.00033587394926392917,0.1425093470133032
is,8,11550.0,0.3229983382755095,0.000584935842134566,0.14215219461518483
is,8,11600.0,0.6985460833186943,0.0006622213590351529,0.1423153176450306
is,8,11650.0,0.2914437651615466,0.0016444876787153455,0.14204789288473094
is,8,11700.0,0.23868315969295942,0.00010825895856742351,0.14169729082984361
is,8,11750.0,0.3218076117015317,0.00027772396694630277,0.1413496723683091
is,8,11800.0,0.22754748833486088,0.0005810407963992664,0.1410049995763071
is,8,11850.0,0.3975444543846222,0.001974886399933413,0.14066323517002785
is,8,11900.0,0.22841254641060119,0.00038409013459931717,0.14074447525418032
is,8,11950.0,0.2810296515502942,0.001056645140785383,0.14065768554932642
is,8,12000.0,0.47772416008505425,0.0005038939137749152,0.14040496625281226
is,8,12050.0,0.33150408362184486,0.002038567387265111,0.14032030536884907
is,8,12100.0,0.258720747072031,0.0002755782583778968,0.1399057929096769
is,8,12150.0,0.28484582291827776,0.002987784970047092,0.13941239404164266
is,8,12200.0,0.3477062224503126,0.00036662236457095094,0.1392508810753217
is,8,12250.0,0.27057512543923,0.0016362163736003325,0.13892743449514325
is,8,12300.0,0.26020544023720343,0.0007178093902792125,0.13860661734818308
is,8,12350.0,0.2270786511559923,0.0010122185709799058,0.13845032790867137
is,8,12400.0,0.27073094523321706,0.001273114811355185,0.1379727441335376
is,8,12450.0,0.3363085301835416,0.0012617773691859199,0.13765962573287285
is,8,12500.0,0.25292115863144976,0.0019003586310620505,0.13806895448364132
is,8,12550.0,0.24919507578288938,0.0015639706959629975,0.13751892279499642
is,8,12600.0,0.40336295661728727,0.00040458639706507095,0.13744940877708117
is,8,12650.0,0.2918147377275692,0.00035377291953290633,0.13714330882934156
is,8,12700.0,0.2574817945206026,0.0007815898912192564,0.13668215101173137
is,8,12750.0,0.25978262384473866,0.0007982684908871422,0.13622460983452278
is,8,12800.0,0.24319085395902462,0.0007282043182189285,0.13569252402156082
is,8,12850.0,0.2601957161783798,0.0010875680119391074,0.13532020854408217
is,8,12900.0,0.327246264479641,0.0003309538554703745,0.13502829238043562
is,8,12950.0,0.2500823561480164,0.0003426479170636997,0.13497027256582503
is,8,13000.0,0.2543033052976752,0.0007340505225121881,0.13452811322205985
is,8,13050.0,0.3228823619253649,0.0007264646410149781,0.13416596429392383
is,8,13100.0,0.4079938155905806,0.0002529227994055253,0.1341118998549729
is,8,13150.0,0.23369716899487522,0.00037999531676861584,0.13390616683141968
is,8,13200.0,0.2515960804952544,0.0014157399064448585,0.13400499962124082
is,8,13250.0,0.25995690697299606,0.0005215223451225504,0.1340276205569391
is,8,13300.0,0.23102263104201234,0.0006705419614613857,0.1335989775204872
is,8,13350.0,0.24586311850567466,0.0007545336787991281,0.1334731480787956
is,8,13400.0,0.23622560803706444,0.0018787908418858652,0.13297515110812627
is,8,13450.0,0.2316820572512179,0.0006270973643891524,0.13262954427180135
is,8,13500.0,0.37043019564772733,0.00025256243269449917,0.1323605658840086
is,8,13550.0,0.4883635234007802,0.0013667806806347163,0.1322411630137997
is,8,13600.0,0.4705009087186556,0.001414520396425834,0.13204911403573266
is,8,13650.0,0.24213513489750774,0.00030881398025118297,0.13229800014650941
is,8,13700.0,0.26288805962229783,0.00038169186778619634,0.13188818334428143
is,8,13750.0,0.5941257722974735,0.001423255272480263,0.13162679077885245
is,8,13800.0,0.25885586383345255,0.0002693567986052541,0.13151220926019855
is,8,13850.0,0.243331895223041,0.0006110998702937795,0.13154284889177675
is,8,13900.0,0.3208024649473911,0.0005102373044497202,0.1312855190274081
is,8,13950.0,0.2406620789632383,0.0019293318877711089,0.13095835423983943
is,8,14000.0,0.3889217596179251,0.0010036646936167682,0.13141918434397543
is,8,14050.0,0.36072206647512517,0.00043727430505121517,0.13152088819301117
is,8,14100.0,0.42406110063607055,0.001204634587804642,0.13133820296432877
is,8,14150.0,0.646729434884492,0.0009412708697028575,0.13122747509009963
is,8,14200.0,0.259204932543425,0.002112991329537937,0.13097669178226887
is,8,14250.0,0.29417417458590317,0.0002367998568721341,0.1305873272051084
is,8,14300.0,0.26033480313192936,0.0008922744989779146,0.13013076008670724
is,8,14350.0,0.608736176023133,0.0006516776149384911,0.13009546373075048
is,8,14400.0,0.3804061787437303,0.0012442066520783391,0.13082424831608916
is,8,14450.0,0.24039841072805654,0.0006883817284473184,0.13071759739810393
is,8,14500.0,0.28474586442646505,0.0011010329447704882,0.13047376043031514
is,8,14550.0,0.3169069408042008,0.003442290939445481,0.13030032300185554
is,8,14600.0,0.23589462410538153,0.0017449858451907246,0.13026505033901786
is,8,14650.0,0.30922739882246,0.0007680322591102032,0.1298887447955771
is,8,14700.0,0.49371352491070963,0.00036681056543559095,0.12965104414665668
is,8,14750.0,0.24033064751193733,0.00038136041299051,0.12948274693241135
is,8,14800.0,0.2533503512470033,0.0007620927667761884,0.12931558678467672
is,8,14850.0,0.23194994763076499,0.00038867402360850625,0.1292842232846273
is,8,14900.0,0.24016238911615692,0.0003903770827318499,0.12885041272397826
is,8,14950.0,0.28152731158219846,0.0004977545740194216,0.12882081466122666
is,8,15000.0,0.3339247054206251,0.00024284362542949782,0.12879141390573962
is,8,15050.0,0.33804126619395103,0.0005262674327764522,0.1283635638827985
is,8,15100.0,0.2723336882214931,0.0011366071619742185,0.12860075491689293
is,8,15150.0,0.5944055527264319,0.0003605552560519069,0.12850636921655337
is,8,15200.0,0.27983399611772775,0.0002438195996823527,0.1283468192882047
is,8,15250.0,0.6362238676050861,0.00041099105750296206,0.1285161628745656
is,8,15300.0,0.33247420817156426,0.0006323241814545558,0.12829226847918437
is,8,15350.0,0.3840874760973078,0.00030587548287720913,0.12793954791218812
is,8,15400.0,0.39326526039474957,0.0006703812174216219,0.1275891175897669
is,8,15450.0,0.26330237229940995,0.0007774766105088706,0.1275645589282247
is,8,15500.0,0.4356777417750207,0.002142826318718317,0.127411134765499
is,8,15550.0,0.25708170890064447,0.0006098788389351184,0.12713008809722848
is,8,15600.0,0.46266427436420854,0.000903618303542993,0.12717133517082238
is,8,15650.0,0.2867416055501236,0.0007369842347123798,0.1272123187016804
is,8,15700.0,0.24390493257833554,0.00026411155871761854,0.1271256607859372
is,8,15750.0,0.23264072769453814,0.0008304281405123348,0.1267221128817218
is,8,15800.0,0.31069284073346537,0.0008002558173496317,0.12651098031770142
is,8,15850.0,0.31706490725294667,0.0014427251244694785,0.1264904422433916
is,8,15900.0,0.23238341454002415,0.0004108291039586856,0.12609269857241684
is,8,15950.0,0.23163413192620555,0.00036657166353121017,0.12569744843583475
is,8,16000.0,0.31374577678123583,0.0011544170298970389,0.1254296606462096
is,8,16050.0,1.197085798613733,0.0009548326143245306,0.12572425394056444
is,8,16100.0,0.25669961936928365,0.00037574675612406943,0.12607912552015402
is,8,16150.0,0.3840600255557547,0.0011760923334282892,0.12568881183827627
is,8,16200.0,0.27113230446485864,0.0005477473258242803,0.12548608110610457
is,8,16250.0,0.2632948462849514,0.000952417218730813,0.12516152852132176
is,8,16300.0,0.4055880518456553,0.0013866422722107073,0.1251456965830317
is,8,16350.0,0.24404846105469535,0.00023769560102838514,0.12519111980918599
is,8,16400.0,0.38140385136115,0.0004752236049682502,0.12487043472958965
is,8,16450.0,0.3287156749987267,0.00014312510906209022,0.12473405871983466
is,8,16500.0,0.2802289274779564,0.0012269861861764905,0.12441670201805952
is,8,16550.0,0.23152228943084485,0.0008325625581154206,0.12404084345356776
is,8,16600.0,0.29193243376731115,0.0010142525050341638,0.12378772363110656
is,8,16650.0,0.23299168212817364,0.0010059134892924223,0.12341601105038737
is,8,16700.0,0.41124589843504566,0.0004816427673214376,0.12310640081432249
is,8,16750.0,0.3918960090207032,0.0003280859649981652,0.12303743060115814
is,8,16800.0,0.6913401523720719,0.0010011617432026004,0.12302839116719243
is,8,16850.0,0.2268118942333763,0.00039882829562744434,0.12278203074001542
is,8,16900.0,0.2985133899799726,0.00021828617284133534,0.12259629607715519
is,8,16950.0,0.30250448788887274,0.0012408500581260157,0.1224116571293729
is,8,17000.0,0.32957742277779933,0.0004309785252512276,0.12222810422916298
is,8,17050.0,0.3615787208478913,0.00024984816145543967,0.12204562782241511
is,8,17100.0,0.5245064225923657,0.0011308823087951643,0.12215659902929653
is,8,17150.0,0.2976019943777631,0.0010896899674755081,0.12215031193516412
is,8,17200.0,0.2599068861876082,0.0018688065493311019,0.12202778908203012
is,8,17250.0,0.3169915999616387,0.0008253685503905532,0.12179004115703437
is,8,17300.0,0.2510751826833784,0.00025188427147309386,0.12178486792670944
is,8,17350.0,0.2432780784460072,0.0005619047693246376,0.12154919024840066
is,8,17400.0,0.43052775067617527,0.0010488319641213228,0.12148727084650307
is,8,17450.0,0.2516019725762737,0.0004525232249756681,0.12154031287605295
is,8,17500.0,0.3567538852243138,0.0002987154989913737,0.12165019141763328
is,8,17550.0,0.24673151601410587,0.00024164556597471606,0.12158851347501567
is,8,17600.0,0.30443945538614114,0.0008428189561651387,0.12129992614056019
is,8,17650.0,0.23404588130528833,0.0005637618228040624,0.12118293581100222
is,8,17700.0,0.29126828194646326,0.0009114447079343003,0.12089712445624541
is,8,17750.0,0.30026358649525725,0.0010951424054722052,0.12061292321559348
is,8,17800.0,0.23874560122290978,0.0012963991913280376,0.12027414190214034
is,8,17850.0,0.23246709277021405,0.0004220765376108196,0.1200492969581536
is,8,17900.0,0.42794392163546474,0.0015792551541866347,0.11976984526004134
is,8,17950.0,0.27977121285962875,0.001319749612987263,0.11977048632388168
is,8,18000.0,0.30764349707473626,0.0004712048087075776,0.11982667629576135
is,8,18050.0,0.33816985849253867,0.0017971855899374509,0.11966096061160046
is,8,18100.0,0.4461342320606665,0.000757139868102505,0.11938566930003867
is,8,18150.0,0.3512114417107889,0.0009138493463054502,0.11911189466145115
is,8,18200.0,0.33767024267403656,0.0004951311419645759,0.11905939234108016
is,8,18250.0,0.2596503082979076,0.0005546564472243018,0.11895238617062079
is,8,18300.0,0.23667562417296498,0.00036242445933378176,0.11895524834708486
is,8,18350.0,0.5222398926496954,0.0007705378175722466,0.11890360198354313
is,8,18400.0,0.2681443001406757,0.0011392195905641322,0.1188522362915059
is,8,18450.0,0.28249937352897797,0.0003119748227983338,0.11853016096688526
is,8,18500.0,0.2809175049818004,0.0003885222188295013,0.11864223555483487
is,8,18550.0,0.283483890813661,0.0007250254157582981,0.11875370599967656
is,8,18600.0,0.37821344657408507,0.0006373169477183812,0.11854201387022203
is,8,18650.0,0.3698416493240943,0.001295798154503479,0.11859953889871856
is,8,18700.0,0.24628067827922184,0.0009785490198543857,0.11838939094166087
is,8,18750.0,0.28877677245729727,0.0006531519466533428,0.11823369420297584
is,8,18800.0,0.3655451672537843,0.000538468363824658,0.11802563693420563
is,8,18850.0,0.24912421464726686,0.000727748892101076,0.11787173094265556
is,8,18900.0,0.2476908017016279,0.0023839376814318606,0.11782445373260673
is,8,18950.0,0.3014984528106133,0.0008859254003374095,0.1175663553374492
is,8,19000.0,0.6367397400443817,0.000315616273059473,0.1174675017104363
is,8,19050.0,0.27653022683541983,0.0005562498995353889,0.11763162038738124
is,8,19100.0,0.2406109942380806,0.0003899118486073144,0.11737605360975865
is,8,19150.0,0.3675030208825211,0.0027004700576843048,0.11717403790924756
is,8,19200.0,0.4827962368964535,0.0008279841810693858,0.11733763866465288
is,8,19250.0,0.27745080101490577,0.000275019407924245,0.11750038959015116
is,8,19300.0,0.30232457403114416,0.0003567759325373898,0.11735143256826071
is,8,19350.0,0.2813074876260972,0.0003285850998855198,0.1170482145625549
is,8,19400.0,0.2523502244232817,0.0005939626381462835,0.11705582186485233
is,8,19450.0,0.28128017144140877,0.0010229521294703378,0.11685774510307953
is,8,19500.0,0.3161485250529901,0.00041389843914275813,0.11666068406748371
is,8,19550.0,0.2788622712975225,0.0005402192094003796,0.11651577924402844
is,8,19600.0,0.2960674840772395,0.0002787583153587106,0.11652466710882098
is,8,19650.0,0.2520357283507102,0.0007455437777896065,0.11638084575848558
is,8,19700.0,0.3032961967266173,0.0004497342430650713,0.1163392721181666
is,8,19750.0,0.25393825245758617,0.00044605382263298156,0.11624727861880411
is,8,19800.0,0.38709660998265816,0.0011953960038679045,0.11625675470935812
is,8,19850.0,0.615002564713994,0.0010563840807483336,0.11641730895169008
is,8,19900.0,0.4017351768151483,0.0004043508980482687,0.11657705642932516
is,8,19950.0,0.3549905996580222,0.0010692694744480222,0.1164853892035487
is,8,20000.0,0.2937033336804541,0.001238523880790698,0.11644417779111045
is,8,20050.0,0.5829750388015268,0.0011633847566316661,0.11620368061443319
is,8,20100.0,0.3117522064078947,0.0006084531897550951,0.11626287249390578
is,8,20150.0,0.2764876175840087,0.0008317273254251917,0.11607364398789143
is,8,20200.0,0.2968688454795477,0.00026986610237648604,0.11583584971041037
is,8,20250.0,0.28239164481990203,0.001058242261383263,0.11564860994518789
is,8,20300.0,0.24063978257107374,0.0002271172732652168,0.1154130338406975
is,8,20350.0,0.30406223453385645,0.0023066812701648446,0.11552257874305931
is,8,20400.0,0.4004435875214093,0.0017268598246835284,0.11553355227684918
is,8,20450.0,0.2755323782876429,0.00044190995939913104,0.11549557478851889
is,8,20500.0,0.2440753293394644,0.00011851894063280599,0.11555533876396273
is,8,20550.0,0.3766258045146509,0.00028308621581378686,0.11542017420076882
is,8,20600.0,0.25397508513188216,0.00039703248730617785,0.11528566574438134
is,8,20650.0,0.2839199736233376,0.00032998711480675857,0.11524865623940729
is,8,20700.0,0.278901088998997,0.000447390235884983,0.11506690498043573
is,8,20750.0,0.39206913304581265,0.0015817875270091562,0.11488602958893547
is,8,20800.0,0.3259489969022329,0.0007591040579189369,0.11470602374885823
is,8,20850.0,0.2634627762355303,0.0005383319993391765,0.11447892187425064
is,8,20900.0,0.27987480571133405,0.0008815535842079812,0.11430075116023157
is,8,20950.0,0.25817780318318473,0.00026530220186022496,0.1140757004438929
is,8,21000.0,0.3632521165407864,0.0007807021118210122,0.11399457168706252
is,8,21050.0,0.3823453597735537,0.0006632427940209335,0.11400883568476557
is,8,21100.0,0.4792739258355577,0.00031939275858621646,0.11425998767830908
is,8,21150.0,0.60892919281882,0.0006024736783062196,0.11417899862890643
is,8,21200.0,0.49834906368347104,0.0009088059485170874,0.11405122399886798
is,8,21250.0,0.23552802035566378,0.000209564174282511,0.11397110724201213
is,8,21300.0,0.23246489646570087,6.205946878884594e-05,0.11398525890803249
is,8,21350.0,0.5455293607174001,0.0007479654296867005,0.11399934429300736
is,8,21400.0,0.39862686514756807,0.0006162045150827398,0.11415354422690528
is,8,21450.0,0.24898206686428198,0.0009554102970596154,0.11402731807374948
is,8,21500.0,0.22822521182781227,0.0004364318904807628,0.11418073577973117
is,8,21550.0,0.27840455727895164,0.0003081124143009164,0.11391582757180642
is,8,21600.0,0.6064868669410242,0.0009434661425562927,0.11402249895838155
is,8,21650.0,0.2531266537469316,0.0005631490366543257,0.11431342663156437
is,8,21700.0,0.2733222633492014,0.00041432093494434387,0.11409612460255288
is,8,21750.0,0.2771863808296779,7.053018923761697e-05,0.1139717714128086
is,8,21800.0,0.38346407483756373,0.0006217989211138549,0.11380211916884547
is,8,21850.0,0.3005443683664147,0.0005747700600454498,0.11381630131344103
is,8,21900.0,0.23502607843274967,0.0035828426000945983,0.11364777864024474
is,8,21950.0,0.22743810571275783,0.00021770189034691799,0.11348002368912578
is,8,22000.0,0.2417740775445209,0.0001137255495987748,0.11326757874642061
is,8,22050.0,0.34519549876276423,0.001115219383971342,0.11328284431545055
is,8,22100.0,0.2877285578731587,0.00043971792335738145,0.11316230034840052
is,8,22150.0,0.5257708997359608,0.00035643337819547897,0.11313258995079228
is,8,22200.0,0.2779755267433189,0.0017141155777041794,0.11301292734561506
is,8,22250.0,0.2292461767597803,0.0009478321463302442,0.11289380252572918
is,8,22300.0,0.23412955948330205,0.000366269724436558,0.11273037083538855
is,8,22350.0,0.2657945903274292,0.0005344584864431891,0.11261241107780412
is,8,22400.0,0.22797523303810896,0.000387275235949428,0.11258425963126646
is,8,22450.0,0.3199092947960488,0.000664590698621026,0.11246715068371119
is,8,22500.0,0.26921749310300397,0.0007713242249543758,0.11221723478956491
is,8,22550.0,0.2675857770074609,0.00039925086405438124,0.1120127710522815
is,8,22600.0,0.4727629460337107,0.0017997354656118152,0.11185345781160126
is,8,22650.0,0.2739627607943644,0.0004064280512610231,0.11204803319941724
is,8,22700.0,0.2886439543090199,0.001467252968676332,0.11210959869609269
is,8,22750.0,0.39389949338307634,0.00050114281765263,0.11190716891565206
is,8,22800.0,0.5826662670738753,0.0010704124760521224,0.11179334239726328
is,8,22850.0,0.4381015414751779,0.0014857533928858387,0.11185506104765655
is,8,22900.0,0.23774957849831563,0.00025152284062116074,0.11165451290336667
is,8,22950.0,0.2646898214750054,0.00032810538384816064,0.11162912291403425
is,8,23000.0,0.5403298062130555,0.0005393817193980236,0.11160384331116038
is,8,23050.0,0.3937240697640833,0.0013329532302734251,0.11175220163984209
is,8,23100.0,0.3430462815604977,0.0005016251499206419,0.11159690056707502
is,8,23150.0,0.23869216792550405,0.0013341716588537002,0.11148546499071314
is,8,23200.0,0.27214852384633353,0.00044290550765104067,0.11133140812895996
is,8,23250.0,0.3020294438581012,0.0006142757129804074,0.11117801384886672
is,8,23300.0,0.2616790854173804,0.0006844895575468073,0.11102527788506932
is,8,23350.0,0.2662527873366026,0.0005158320136130745,0.11095884544559119
is,8,23400.0,0.2815907727748428,0.001874782357666938,0.11089269689329516
is,8,23450.0,0.3677440720298373,0.0009095709002470623,0.11086947251716345
is,8,23500.0,0.2516543204318454,0.0003322922402228696,0.11084634696395898
is,8,23550.0,0.38736840886844537,0.00026769620933499107,0.11073839752027514
is,8,23600.0,0.24112356747794417,0.0006784358635703296,0.11058853438413627
is,8,23650.0,0.24510736537579692,0.00045802133775679337,0.11039702338167519
is,8,23700.0,0.2821425341317905,0.0011463758550147203,0.1104594742837855
is,8,23750.0,0.2708066530493976,0.0001994273672250893,0.11039535177466211
is,8,23800.0,0.3151647067935694,0.0012006820358094424,0.11020545355237175
is,8,23850.0,0.4436629977907414,0.001389401437306941,0.11022598633180998
is,8,23900.0,0.3695995435914522,0.0011585478038875214,0.11024643320363164
is,8,23950.0,0.4992681494456389,0.0011541587117806075,0.1102250427957079
is,8,24000.0,0.27438935120644725,0.0016052486714280062,0.11003708178825883
is,8,24050.0,0.24386836971525722,0.0007686955628017283,0.10997463722922124
is,8,24100.0,0.5325141660711336,0.0005139363605854529,0.1099124517654869
is,8,24150.0,0.271846623602481,0.00029793577049576136,0.10976771148192621
is,8,24200.0,0.2508944063437927,0.0015036378630841356,0.10978885170034296
is,8,24250.0,0.23052514279011455,0.0011508888261010804,0.10968619850727805
is,8,24300.0,0.5125538432106892,0.001026210577199946,0.10970741944775936
is,8,24350.0,0.28228703257843385,0.0005362440200752143,0.10952322286559074
is,8,24400.0,0.33768144085337076,0.001076095792204877,0.1094627269374206
is,8,24450.0,0.2684084229173457,0.00029416009176763463,0.10936158030346407
is,8,24500.0,0.3866155643904482,0.0012842656064161748,0.10922003183543529
is,8,24550.0,0.3487681964522189,0.0007560079364582415,0.1094863753003951
is,8,24600.0,0.2747252563985739,0.0003323401753198813,0.10930449981708061
is,8,24650.0,0.6993639576347866,0.0007440334029356588,0.10920449474666342
is,8,24700.0,0.29989651082938507,0.0003503351671926304,0.10926683130237642
is,8,24750.0,0.3826354817799006,0.0012356081999171432,0.10904609914750919
is,8,24800.0,0.46240576821520984,0.0012486163686574504,0.10910850368936736
is,8,24850.0,0.31473643917616256,0.000678104981179541,0.10900969779888134
is,8,24900.0,0.3481413046770736,0.0005219316123238526,0.10915224288181198
is,8,24950.0,0.27539782244032746,0.0006309773322844293,0.10925413811069697
snis,8,0.0,28.343106292004006,0.3014098156460707,0.0
snis,8,50.0,0.4144465145654796,0.00707171238593309,0.0392156862745098
snis,8,100.0,0.40911569468519,0.021817775830287024,0.019801980198019802
snis,8,150.0,0.24033369850173678,0.0061362878675214946,0.013245033112582781
snis,8,200.0,0.22850339563966335,0.004852474568398811,0.009950248756218905
snis,8,250.0,0.2587455010914221,0.011247424920383551,0.00796812749003984
snis,8,300.0,0.27705712458669735,0.0012109826859025067,0.006644518272425249
snis,8,350.0,0.2482164225156856,0.010499370844879355,0.005698005698005698
snis,8,400.0,0.2323341916073299,0.005321562316076613,0.004987531172069825
snis,8,450.0,0.26207062980399587,0.004081494236138015,0.004434589800443459
snis,8,500.0,0.23288609193011803,0.009116021665210708,0.003992015968063872
snis,8,550.0,0.23255119509138972,0.005417532467657213,0.003629764065335753
snis,8,600.0,0.3652778541991401,0.013805211951941804,0.0033277870216306157
snis,8,650.0,0.2715242473230934,0.0057730609525666185,0.0030721966205837174
snis,8,700.0,0.24710645427111724,0.01212518936351177,0.0028530670470756064
snis,8,750.0,0.2510055569587124,0.017837178383259218,0.002663115845539281
snis,8,800.0,0.228482040747897,0.007930817558106167,0.0024968789013732834
snis,8,850.0,0.23214432257950343,0.003143527111285268,0.0023501762632197414
snis,8,900.0,0.24886554490159954,0.013604121409535545,0.0022197558268590455
snis,8,950.0,0.29459642133407987,0.008663644775342937,0.002103049421661409
snis,8,1000.0,0.2675948307791848,0.02165251222716499,0.001998001998001998
snis,8,1050.0,0.23942437486484086,0.012972064814521088,0.0019029495718363464
snis,8,1100.0,0.228801220211285,0.0031461097364687976,0.0018165304268846503
snis,8,1150.0,0.23934842954927738,0.007871574335334025,0.0017376194613379669
snis,8,1200.0,0.22879081566481438,0.004820438741712425,0.0016652789342214821
snis,8,1250.0,0.328799379805712,0.010601604713903581,0.0015987210231814548
snis,8,1300.0,0.22813300481104334,0.007205439524509775,0.0015372790161414297
snis,8,1350.0,0.2288966953413786,0.002445335599048115,0.0014803849000740192
snis,8,1400.0,0.2861482579125016,0.014196812746173336,0.0014275517487508922
snis,8,1450.0,0.5185349352528323,0.017694935055345598,0.0013783597518952446
snis,8,1500.0,0.22845233321048813,0.019512855189042177,0.0013324450366422385
snis,8,1550.0,0.24882534858385436,0.0010234782258977248,0.0012894906511927789
snis,8,1600.0,0.3671755922326375,0.033328617589198375,0.0012492192379762648
snis,8,1650.0,0.275255910590967,0.0024063174855225937,0.0012113870381586917
snis,8,1700.0,0.24572237001647795,0.005853985159410054,0.0011757789535567313
snis,8,1750.0,0.2353570411058414,0.007940350392185106,0.001142204454597373
snis,8,1800.0,0.23072065031377748,0.004079963403892922,0.001110494169905608
snis,8,1850.0,0.26334694981884954,0.009540489270644806,0.0010804970286331713
snis,8,1900.0,0.245226916696495,0.0044353691961643805,0.0010520778537611783
snis,8,1950.0,0.37855460370752125,0.02197697180733431,0.0010251153254741158
snis,8,2000.0,0.2410127341095737,0.00517312994939534,0.0009995002498750624
snis,8,2050.0,0.22718791015103762,0.0021884229299688027,0.0009751340809361287
snis,8,2100.0,0.2388545946733088,0.009804293332378233,0.0009519276534983341
snis,8,2150.0,0.2390761355306737,0.008501176618863753,0.0009298000929800093
snis,8,2200.0,0.3314510349186105,0.011586389285201268,0.0009086778736937755
snis,8,2250.0,0.2600022450174105,0.006464331390235282,0.000888494002665482
snis,8,2300.0,0.2734499616491658,0.027202373524089656,0.000869187309865276
snis,8,2350.0,0.23195190185092182,0.0034097501059501246,0.0008507018290089324
snis,8,2400.0,0.26216617506492806,0.00767163981769393,0.0008329862557267805
snis,8,2450.0,0.22867059251294775,0.01079393102374489,0.0008159934720522236
snis,8,2500.0,0.23326236031375377,0.005985210438236957,0.0007996801279488205
snis,8,2550.0,0.27915928867277484,0.0035006847421076965,0.0007840062720501764
snis,8,2600.0,0.3312050542861921,0.005520644546899215,0.0007689350249903883
snis,8,2650.0,0.2388614866945852,0.006872656385626835,0.0007544322897019992
snis,8,2700.0,0.26383966928429187,0.0029813792629850094,0.0007404664938911515
snis,8,2750.0,0.22691987927632187,0.017261895453787996,0.0007270083605961468
snis,8,2800.0,0.24516484076313658,0.00716396934440506,0.0007140307033202428
snis,8,2850.0,0.23915366258066273,0.004244460122856903,0.0007015082427218519
snis,8,2900.0,0.2972408057689472,0.00927671442049099,0.0006894174422612892
snis,8,2950.0,0.23742946232261056,0.008798091055178734,0.0006777363605557439
snis,8,3000.0,0.2335091391290332,0.0027689002662582203,0.0006664445184938354
snis,8,3050.0,0.22809850759950784,0.035240500598422216,0.0006555227794165847
snis,8,3100.0,0.24555805611126738,0.011378151267222705,0.0006449532408900354
snis,8,3150.0,0.24877353744986402,0.003472528638852627,0.0006347191367819739
snis,8,3200.0,0.23561963017643942,0.006535109924626703,0.0006248047485160887
snis,8,3250.0,0.24915773050555862,0.0035825325604333484,0.0006151953245155337
snis,8,3300.0,0.3097726482745937,0.008966009932741256,0.0006058770069675856
snis,8,3350.0,0.24052683255784504,0.017633256603371082,0.000596836765144733
snis,8,3400.0,0.501758705346563,0.008967094407330168,0.0005880623346074683
snis,8,3450.0,0.31128670283758686,0.016091142874537192,0.0005795421616922632
snis,8,3500.0,0.24225841824405928,0.0016709823184197542,0.0005712653527563553
snis,8,3550.0,0.2370822716600024,0.003097260626996634,0.000563221627710504
snis,8,3600.0,0.37208741811180646,0.0052369822595865236,0.0005554012774229381
snis,8,3650.0,0.4659302669138949,0.00624584147536406,0.0005477951246233908
snis,8,3700.0,0.25512996578388897,0.01508689388367324,0.0005403944879762226
snis,8,3750.0,0.23248797130711893,0.01375935165023572,0.0005331911490269261
snis,8,3800.0,0.23880820857808374,0.02479971800924966,0.0005261773217574323
snis,8,3850.0,0.2569074712298515,0.009032171647672133,0.0005193456245131135
snis,8,3900.0,0.43953920202309793,0.00701178323639945,0.0005126890540886952
snis,8,3950.0,0.22713631526708908,0.01673988234374335,0.0005062009617818274
snis,8,4000.0,0.23091985765359865,0.0037041359483426573,0.0004998750312421895
snis,8,4050.0,0.25242342156913433,0.007906370666963777,0.0004937052579609973
snis,8,4100.0,0.29914168667260804,0.002281361505197915,0.000487685930260912
snis,8,4150.0,0.38469214228562915,0.004050083636796871,0.000481811611659841
snis,8,4200.0,0.22585354050008505,0.00480243048538924,0.00047607712449416806
snis,8,4250.0,0.22568596831843252,0.026396085158812192,0.0004704775346977182
snis,8,4300.0,0.3007865158612673,0.006952560606394503,0.00046500813764240875
snis,8,4350.0,0.2852651051674583,0.009506599823483374,0.0004596644449551827
snis,8,4400.0,0.24206728571565442,0.016214447624384808,0.0004544421722335833
snis,8,4450.0,0.26533394435426166,0.006589489910312081,0.00044933722758930576
snis,8,4500.0,0.25283894987024835,0.023409931829699863,0.00044434570095534326
snis,8,4550.0,0.33501048757562024,0.00609248683736213,0.00043946385409800046
snis,8,4600.0,0.23404211392485347,0.013233353415637477,0.0004346881112801565
snis,8,4650.0,0.23079680863406354,0.007659536511476982,0.00043001505052676843
snis,8,4700.0,0.26683916945537867,0.00740333385147539,0.00042544139544777704
snis,8,4750.0,0.25893620764548386,0.05201023534415343,0.0004209640075773521
snis,8,4800.0,0.26948470085793286,0.00133793517460416,0.00041657987919183504
snis,8,4850.0,0.22676564148777564,0.006095557027478565,0.00041228612657184083
snis,8,4900.0,0.2699732304001595,0.02004247860807422,0.00040807998367680065
snis,8,4950.0,0.24317199023278602,0.006970401747851865,0.0004039587962027873
snis,8,5000.0,0.2270004374134593,0.005675411479724371,0.0003999200159968006
snis,8,5050.0,0.22924715683033398,0.007603378932946182,0.0003959611958028113
snis,8,5100.0,0.2900411649431172,0.009463975333763704,0.00039207998431680063
snis,8,5150.0,0.2690634447437686,0.003752095798615693,0.00038827412152980003
snis,8,5200.0,0.24814335836484744,0.015599553430593861,0.0003845414343395501
snis,8,5250.0,0.27100856184276506,0.0060752467680830445,0.00038087983241287375
snis,8,5300.0,0.3392305427272677,0.0038614900031596054,0.0003772873042822109
snis,8,5350.0,0.24428401139936506,0.006028771254839381,0.00037376191366099795
snis,8,5400.0,0.2310335040552039,0.009647339614983666,0.00037030179596371043
snis,8,5450.0,0.25159252331475807,0.004026376838456661,0.000366905155017428
snis,8,5500.0,0.24894655081119485,0.016110077590372734,0.00036357025995273584
snis,8,5550.0,0.23822631584797074,0.0028744837731123924,0.0003602954422626554
snis,8,5600.0,0.3085152512496676,0.01117630834224067,0.0003570790930191037
snis,8,5650.0,0.24544318046080765,0.01000199837122656,0.00035391966023712616
snis,8,5700.0,0.22801092165102638,0.0019920617577484983,0.00035081564637782847
snis,8,5750.0,0.22810606588630936,0.0019752773619445873,0.0003477656059815684
snis,8,5800.0,0.2555251479754867,0.007555817615017351,0.0003447681434235477
snis,8,5850.0,0.2339084005391748,0.003506999905505961,0.0003418219107844813
snis,8,5900.0,0.24414234294774964,0.04376902031631188,0.0003389256058295204
snis,8,5950.0,0.49947591279614956,0.0053501575136860385,0.0003360779700890607
snis,8,6000.0,0.23853704143369736,0.012614442443178319,0.0003332777870354941
snis,8,6050.0,0.2920207517065204,0.007033638988840289,0.0003305238803503553
snis,8,6100.0,0.24154411926877484,0.007732384539872724,0.00032781511227667593
snis,8,6150.0,0.23045038345621346,0.004204850465171554,0.0003251503820516989
snis,8,6200.0,0.30073558405051376,0.0064277689698641165,0.0003225286244154169
snis,8,6250.0,0.23689466763379932,0.01677080458219241,0.00031994880819068947
snis,8,6300.0,0.2640505603507593,0.0062644898029347645,0.0003174099349309633
snis,8,6350.0,0.23118197106194463,0.004692379722753033,0.000314911037631869
snis,8,6400.0,0.2356678383809524,0.004867013243951304,0.0003124511795032026
snis,8,6450.0,0.22595925305535258,0.004225715212481276,0.0003100294527980158
snis,8,6500.0,0.22706337128466764,0.0029590004665482907,0.00030764497769573913
snis,8,6550.0,0.22506023834539607,0.01734856464589121,0.0003052969012364525
snis,8,6600.0,0.23521951438704253,0.0072736918239944374,0.0003029843963035904
snis,8,6650.0,0.25246961766678994,0.007248810676728221,0.00030070666065253347
snis,8,6700.0,0.2428041481901266,0.0023828324517159234,0.00029846291598268916
snis,8,6750.0,0.44314794371415533,0.0065603197692207,0.0002962524070508073
snis,8,6800.0,0.5648145319427341,0.039207273501708155,0.00029407440082340834
snis,8,6850.0,0.29050724541513345,0.0015555828166150182,0.00029192818566632606
snis,8,6900.0,0.2651533281527087,0.0042936745637064165,0.0002898130705694827
snis,8,6950.0,0.2673859569829814,0.005084181023759098,0.00028772838440512156
snis,8,7000.0,0.29528456441720474,0.007348264286710068,0.00028567347521782604
snis,8,7050.0,0.2322791648204416,0.012876969787705255,0.00028364770954474543
snis,8,7100.0,0.22741085543121153,0.0010317911618505894,0.0002816504717645402
snis,8,7150.0,0.2423922219970096,0.007597144578392345,0.00027968116347364006
snis,8,7200.0,0.28654446940486095,0.008449658167671409,0.0002777392028884877
snis,8,7250.0,0.28650946795270016,0.004588701326046453,0.00027582402427251415
snis,8,7300.0,0.2377193272813144,0.0043359112850277865,0.00027393507738665936
snis,8,7350.0,0.3607498034683028,0.003134929835324356,0.00027207182696231805
snis,8,7400.0,0.30328453017469725,0.008312006176899745,0.00027023375219564923
snis,8,7450.0,0.24831520956667102,0.010010376920057355,0.0002684203462622467
snis,8,7500.0,0.31245329581756753,0.00678408313873991,0.0002666311158512198
snis,8,7550.0,0.235390329330594,0.003210308544694622,0.00026486558071778574
snis,8,7600.0,0.23137917275076078,0.005296646882616554,0.0002631232732535193
snis,8,7650.0,0.2345163741481434,0.006469800009989775,0.00026140373807345446
snis,8,7700.0,0.2411936790669353,0.012644977880197989,0.0002597065316192702
snis,8,7750.0,0.35386172086278855,0.005261311786933737,0.0002580312217778351
snis,8,7800.0,0.23609810965717976,0.0028550051685196855,0.00025637738751442123
snis,8,7850.0,0.2265765556465012,0.003566619454575548,0.0002547446185199338
snis,8,7900.0,0.2304981268388588,0.00958364327164613,0.00025313251487153526
snis,8,7950.0,0.226934956825983,0.00996260905344093,0.00025154068670607473
snis,8,8000.0,0.3437523853792613,0.010021964303328228,0.00024996875390576176
snis,8,8050.0,0.2609671054158119,0.007860114926622546,0.0002484163457955533
snis,8,8100.0,0.2450006764433044,0.004006799531083387,0.0002468831008517467
snis,8,8150.0,0.22498574980696348,0.006574688077042056,0.000245368666421298
snis,8,8200.0,0.2340816739556929,0.004819076251859259,0.00024387269845140838
snis,8,8250.0,0.23352256857736908,0.003432990795142306,0.00024239486122894195
snis,8,8300.0,0.22536446613880917,0.021167991125276,0.00024093482712926153
snis,8,8350.0,0.28744965185269405,0.013099411498725518,0.00023949227637408692
snis,8,8400.0,0.2528062468384513,0.006464191267353094,0.00023806689679800025
snis,8,8450.0,0.2396988355675813,0.005152339980050166,0.00023665838362323986
snis,8,8500.0,0.22743400136989858,0.0027705648907475626,0.00023526643924244207
snis,8,8550.0,0.23329849583331308,0.0019308226990979718,0.0002338907730090048
snis,8,8600.0,0.2368398096558866,0.002231567085366503,0.0002325311010347634
snis,8,8650.0,0.23124884350619043,0.006030041461968089,0.0002311871459946827
snis,8,8700.0,0.22958363308618862,0.006011004315627552,0.00022985863693828295
snis,8,8750.0,0.3045862010899704,0.004001500644365148,0.00022854530910753056
snis,8,8800.0,0.24424870767846033,0.003535720491301597,0.00022724690376093625
snis,8,8850.0,0.27440014082942266,0.006486139566608188,0.00022596316800361542
snis,8,8900.0,0.22760151698536302,0.00844056321053118,0.00022469385462307607
snis,8,8950.0,0.2256683616236412,0.0042318124971767,0.00022343872193051055
snis,8,9000.0,0.2657242493596848,0.00642931463310619,0.00022219753360737697
snis,8,9050.0,0.23979245666770385,0.006910061646234854,0.00022097005855706552
snis,8,9100.0,0.2487383568833239,0.006381215257769232,0.0002197560707614548
snis,8,9150.0,0.22637928844996985,0.004834061479256076,0.00021855534914217025
snis,8,9200.0,0.23621938193364614,0.0014416777193266821,0.0002173676774263667
snis,8,9250.0,0.2539174849547598,0.02185348818503502,0.00021619284401686305
snis,8,9300.0,0.23233158425807537,0.020842548206429813,0.00021503064186646596
snis,8,9350.0,0.2345504160450151,0.0033021059876193783,0.00021388086835632552
snis,8,9400.0,0.23418550316428383,0.008643445028102076,0.00021274332517817252
snis,8,9450.0,0.23580091806098277,0.0029770975863252294,0.00021161781822029416
snis,8,9500.0,0.27136228951985936,0.0036050539133037343,0.00021050415745710977
snis,8,9550.0,0.2454667403464216,0.008993494334894405,0.00020940215684221548
snis,8,9600.0,0.23230365918177415,0.008050687316515318,0.00020831163420477033
snis,8,9650.0,0.2284534201672843,0.007813864086061342,0.00020723241114910373
snis,8,9700.0,0.36216902012553703,0.011114330218018146,0.00020616431295742706
snis,8,9750.0,0.2504447012824398,0.008261031139904463,0.00020510716849553892
snis,8,9800.0,0.227956373742757,0.0034640363844698815,0.00020406081012141618
snis,8,9850.0,0.26522051202299224,0.01168380767180721,0.00020302507359658918
snis,8,9900.0,0.22531980216433406,0.0018001668402289962,0.000201999798000202
snis,8,9950.0,0.22787585447575895,0.005984193723329938,0.00020098482564566376
snis,8,10000.0,0.248491918673292,0.007691000535836233,0.00019998000199980003
snis,8,10050.0,0.23238775159321753,0.005230577954979389,0.00019898517560441747
snis,8,10100.0,0.22833848095241915,0.002904512569784609,0.000198000198000198
snis,8,10150.0,0.2701775298028832,0.005977262958842044,0.00019702492365284208
snis,8,10200.0,0.2434937035333437,0.010553647167270818,0.00019605920988138416
snis,8,10250.0,0.236078512680093,0.007123460818974368,0.000195102916788606
snis,8,10300.0,0.22946895488748292,0.00595078614956668,0.00019415590719347637
snis,8,10350.0,0.23510647287578346,0.0063325370782237825,0.00019321804656554923
snis,8,10400.0,0.3321039756479706,0.012523570486412047,0.00019228920296125374
snis,8,10450.0,0.28180903465965784,0.01131540592848605,0.0001913692469620132
snis,8,10500.0,0.2269840601760945,0.003970904671330385,0.00019045805161413198
snis,8,10550.0,0.2713203441916864,0.004245568837687322,0.00018955549237039144
snis,8,10600.0,0.22622917708467294,0.0017895099752680361,0.00018866144703329874
snis,8,10650.0,0.2777446892452018,0.00536683151286634,0.00018777579569993427
snis,8,10700.0,0.23636620598329897,0.007087036286893769,0.00018689842070834502
snis,8,10750.0,0.2271934008315306,0.00859769530919372,0.00018602920658543392
snis,8,10800.0,0.23255366902863725,0.008218476520606515,0.00018516803999629665
snis,8,10850.0,0.379345489085268,0.0031215878524003403,0.000184314809694959
snis,8,10900.0,0.24703360145226635,0.0036792998052368377,0.00018346940647647004
snis,8,10950.0,0.2270742862298643,0.014400294731859883,0.00018263172313030774
snis,8,11000.0,0.27249698527067356,0.004243590641974916,0.000181801654395055
snis,8,11050.0,0.25919631274815946,0.007555951336748845,0.0001809790969143064
snis,8,11100.0,0.22837468758616863,0.0061763502192797365,0.00018016394919376631
snis,8,11150.0,0.22781504554646653,0.003606691830694941,0.0001793561115595014
snis,8,11200.0,0.2523908658059327,0.006114526557003415,0.00017855548611731096
snis,8,11250.0,0.2264834535765425,0.0037879037535418626,0.00017776197671318106
snis,8,11300.0,0.2304327665701942,0.0017270703017973964,0.00017697548889478808
snis,8,11350.0,0.24324691622697744,0.0037852042430903694,0.0001761959298740199
snis,8,11400.0,0.23511448011822783,0.005687745645249993,0.00017542320849048328
snis,8,11450.0,0.2652765010820439,0.007521150490699906,0.00017465723517596715
snis,8,11500.0,0.25379287157323,0.0036430209907205263,0.00017389792191983307
snis,8,11550.0,0.22619202347550502,0.0031648337615267563,0.0001731451822353043
snis,8,11600.0,0.22529919167236787,0.006010532446925834,0.000172398931126627
snis,8,11650.0,0.2330769099381434,0.012151667795540763,0.00017165908505707665
snis,8,11700.0,0.22519062258515266,0.0008231213099746971,0.0001709255619177848
snis,8,11750.0,0.22500132559173674,0.002254105147488135,0.00017019828099736192
snis,8,11800.0,0.2277303921958276,0.005868614804415688,0.00016947716295229217
snis,8,11850.0,0.2256583395480664,0.01935852298753549,0.0001687621297780778
snis,8,11900.0,0.22536670100635162,0.0027027225060599364,0.00016805310478111083
snis,8,11950.0,0.22468552141316792,0.0069525901698409606,0.00016735001255125095
snis,8,12000.0,0.25191950648981126,0.003850800246614039,0.00016665277893508876
snis,8,12050.0,0.22864258702303364,0.017715755937689183,0.0001659613310098747
snis,8,12100.0,0.22536693901913923,0.0020264297560342796,0.00016527559705809436
snis,8,12150.0,0.24544259393209633,0.028398551158518328,0.00016459550654267138
snis,8,12200.0,0.24752880591230966,0.002414989945019211,0.0001639209900827801
snis,8,12250.0,0.22614743972723683,0.01607843219912719,0.00016325197943025058
snis,8,12300.0,0.22606513325920602,0.006592960870567854,0.00016258840744654907
snis,8,12350.0,0.23982042940357937,0.010696170486048288,0.00016193020808031737
snis,8,12400.0,0.2746706447087793,0.008863798705640823,0.00016127731634545602
snis,8,12450.0,0.23862340076504251,0.012462903946090054,0.00016062966829973497
snis,8,12500.0,0.2392595746936011,0.01597818322642557,0.00015998720102391808
snis,8,12550.0,0.23653565992822137,0.016372911654930863,0.00015934985260138634
snis,8,12600.0,0.2423619174886623,0.004227540563646419,0.00015871756209824618
snis,8,12650.0,0.2275477867701917,0.004172956983289564,0.00015809026954390957
snis,8,12700.0,0.23886269504177268,0.008276463829443245,0.0001574679159121329
snis,8,12750.0,0.2390698572350601,0.004097160429737877,0.00015685044310250176
snis,8,12800.0,0.22502127525773155,0.0065645393088718355,0.0001562377939223498
snis,8,12850.0,0.22521906511282583,0.0062738108861476495,0.00015562991206909967
snis,8,12900.0,0.22473685813177938,0.004367938747201665,0.0001550267421130145
snis,8,12950.0,0.25007328120396394,0.004219104975984336,0.000154428229480349
snis,8,13000.0,0.29920025629552127,0.00823347738758925,0.00015383432043688947
snis,8,13050.0,0.2320306939730722,0.004897193256567951,0.00015324496207187187
snis,8,13100.0,0.2479836640112409,0.001388106345261975,0.00015266010228226853
snis,8,13150.0,0.2260955585638014,0.004260383578385369,0.0001520796897574329
snis,8,13200.0,0.22652516059784283,0.01051337274939248,0.00015150367396409362
snis,8,13250.0,0.2317224910454108,0.005259176907747854,0.00015093200513168818
snis,8,13300.0,0.231581837127699,0.0068042615427313215,0.00015036463423802722
snis,8,13350.0,0.23774294949778818,0.006670933242635664,0.00014980151299528126
snis,8,13400.0,0.23260818930712684,0.01846715023663749,0.00014924259383628088
snis,8,13450.0,0.2596248008711334,0.005886369688283789,0.0001486878299011226
snis,8,13500.0,0.22491111075808048,0.0010581035040215848,0.00014813717502407228
snis,8,13550.0,0.24425233383585115,0.006780860020943352,0.00014759058372075862
snis,8,13600.0,0.2579500361496629,0.00865847218453491,0.00014704801117564886
snis,8,13650.0,0.25070987343841095,0.0030223291183377105,0.0001465094132298
snis,8,13700.0,0.2251194923677706,0.0036397994134238303,0.00014597474636887818
snis,8,13750.0,0.2505912452170894,0.011576695001607277,0.00014544396771143918
snis,8,13800.0,0.2579396810386152,0.0021514692987285814,0.00014491703499746396
snis,8,13850.0,0.23551194556849797,0.006032295085524298,0.00014439390657714244
snis,8,13900.0,0.24433858070085043,0.004229700363046567,0.00014387454139989928
snis,8,13950.0,0.24603292810709385,0.015765035540952068,0.00014335889900365565
snis,8,14000.0,0.2299916311049387,0.0052922935844979925,0.00014284693950432112
snis,8,14050.0,0.2365202485872697,0.00341225977116357,0.00014233862358550993
snis,8,14100.0,0.2474631941404322,0.011386302607464587,0.00014183391248847598
snis,8,14150.0,0.2410226599892115,0.00258927587132701,0.00014133276800226132
snis,8,14200.0,0.22491560494528479,0.01621435660932947,0.00014083515245405255
snis,8,14250.0,0.2732790530870378,0.0020440490410257688,0.00014034102869974038
snis,8,14300.0,0.2275666839519471,0.00734974244633339,0.0001398503601146773
snis,8,14350.0,0.22535586068191207,0.006249733988093666,0.00013936311058462825
snis,8,14400.0,0.26103456394178476,0.011483608618686384,0.00013887924449690992
snis,8,14450.0,0.23522033861340855,0.008602171534518454,0.00013839872673171406
snis,8,14500.0,0.3669813360405921,0.006908744951379934,0.00013792152265361008
snis,8,14550.0,0.2343571468194507,0.023442542143538834,0.00013744759810322316
snis,8,14600.0,0.23778641852692164,0.016606771451887183,0.00013697691938908293
snis,8,14650.0,0.2372857025799774,0.004665191545025262,0.00013650945327963962
snis,8,14700.0,0.22566939586802767,0.004168376590017356,0.0001360451669954425
snis,8,14750.0,0.24385488984983317,0.0029677704560058444,0.00013558402820147786
snis,8,14800.0,0.22618442544826226,0.005658003632978039,0.00013512600499966218
snis,8,14850.0,0.2269988882736376,0.005046128495642552,0.00013467106592148677
snis,8,14900.0,0.23375213232183092,0.004029523071960873,0.00013421917992081068
snis,8,14950.0,0.3308177363567649,0.004750514656003175,0.0001337703163667982
snis,8,15000.0,0.22788544732390545,0.0015287050123085327,0.00013332444503699753
snis,8,15050.0,0.2257470050353872,0.004948655189098399,0.00013288153611055743
snis,8,15100.0,0.2467816257402807,0.010810720104078525,0.0001324415601615787
snis,8,15150.0,0.24346208234164682,0.004055450904135372,0.0001320044881525972
snis,8,15200.0,0.2506519613831061,0.002926909147197263,0.0001315702914281955
snis,8,15250.0,0.268920312188517,0.00713119923365761,0.0001311389417087404
snis,8,15300.0,0.23962021341156156,0.005301071529158496,0.00013071041108424287
snis,8,15350.0,0.23185021955176335,0.0030559476574390718,0.0001302846720083382
snis,8,15400.0,0.5903337720413021,0.00692605157647947,0.0001298616972923836
snis,8,15450.0,0.26268082105178525,0.007257415433928605,0.00012944146009966992
snis,8,15500.0,0.22723580380644776,0.017284237731383382,0.00012902393393974583
snis,8,15550.0,0.22523016921610559,0.005133026067063888,0.00012860909266285126
snis,8,15600.0,0.22470603441760095,0.005314373985635916,0.00012819691045445804
snis,8,15650.0,0.2264987174116357,0.006088671644974643,0.00012778736182991502
snis,8,15700.0,0.22684549746532473,0.0018000493463198725,0.0001273804216291956
snis,8,15750.0,0.22582778372747753,0.006762930677198513,0.00012697606501174528
snis,8,15800.0,0.24414553120775678,0.007773806348351867,0.00012657426745142712
snis,8,15850.0,0.23042119299797764,0.014808387218131725,0.00012617500473156268
snis,8,15900.0,0.3555978318202851,0.004804496764595822,0.00012577825294006665
snis,8,15950.0,0.2292430677436683,0.0032307394964938346,0.00012538398846467306
snis,8,16000.0,0.22642759882671035,0.007050552455386555,0.00012499218798825074
snis,8,16050.0,0.2410835071656343,0.004659546454670264,0.00012460282848420658
snis,8,16100.0,0.3312144442414675,0.0010684057317960956,0.0001242158872119744
snis,8,16150.0,0.2717788277841094,0.008402466852554084,0.00012383134171258745
snis,8,16200.0,0.26758225532381846,0.003815325956474586,0.00012344916980433306
snis,8,16250.0,0.2956487356744105,0.0052062417679626825,0.00012306934957848748
snis,8,16300.0,0.23633062935023644,0.012584857191517685,0.00012269185939512914
snis,8,16350.0,0.22884513443431775,0.0017379368595210741,0.00012231667787902881
snis,8,16400.0,0.2262479474908804,0.003945449487120814,0.0001219437839156149
snis,8,16450.0,0.22734122086252812,0.0012255313322590304,0.00012157315664701233
snis,8,16500.0,0.2543515229236515,0.009708309998514693,0.00012120477546815345
snis,8,16550.0,0.2270600627517307,0.009280012301715997,0.00012083862002295934
snis,8,16600.0,0.2317163011053389,0.00751057012141948,0.00012047467020059032
snis,8,16650.0,0.23525887660523997,0.01047235814748811,0.00012011290613176385
snis,8,16700.0,0.22603862772991667,0.00453776652197695,0.00011975330818513861
snis,8,16750.0,0.225386321717417,0.0026098437654959454,0.00011939585696376336
snis,8,16800.0,0.2597319509491344,0.008218546426594382,0.0001190405333015892
snis,8,16850.0,0.23367841530371636,0.0036240440428063326,0.00011868731826004391
snis,8,16900.0,0.2260919613342479,0.001785880086786438,0.00011833619312466718
snis,8,16950.0,0.2659234902902501,0.012297604944848968,0.0001179871394018052
snis,8,17000.0,0.2979787409229357,0.005182763117929289,0.0001176401388153638
snis,8,17050.0,0.27994132789742304,0.0030359570062981817,0.00011729517330361856
snis,8,17100.0,0.22922534031256306,0.009906194321122488,0.00011695222501608094
snis,8,17150.0,0.2888410662025425,0.013832880490961546,0.00011661127631041922
snis,8,17200.0,0.2491409929646061,0.02093590383465735,0.00011627230974943318
snis,8,17250.0,0.2281388296836189,0.006767480358301759,0.00011593530809808128
snis,8,17300.0,0.27369423075812394,0.001761284501704541,0.0001156002543205595
snis,8,17350.0,0.32852548124578795,0.005216909787295363,0.00011526713157743069
snis,8,17400.0,0.2374678634481748,0.004276375622483623,0.00011493592322280328
snis,8,17450.0,0.24847772371549254,0.003670071191808099,0.00011460661280155865
snis,8,17500.0,0.22613856243270897,0.0019139959372589687,0.0001142791840466259
snis,8,17550.0,0.22491379930756664,0.0015715845551791405,0.00011395362087630334
snis,8,17600.0,0.23244541793490348,0.005145353158331363,0.00011362990739162548
snis,8,17650.0,0.2621248455940517,0.004419626240797618,0.00011330802787377486
snis,8,17700.0,0.22522171755709425,0.01022906120837623,0.00011298796678153777
snis,8,17750.0,0.3442905235927641,0.011151590434693704,0.00011266970874880288
snis,8,17800.0,0.2287136369283672,0.010853906425969263,0.00011235323858210213
snis,8,17850.0,0.3317783187849603,0.005016234487412599,0.00011203854125819282
snis,8,17900.0,0.2257529471755312,0.016913996422173155,0.00011172560192168035
snis,8,17950.0,0.23156437143133107,0.013088539050686349,0.00011141440588268063
snis,8,18000.0,0.22973730727375172,0.0033290661537479058,0.00011110493861452142
snis,8,18050.0,0.2267307810481492,0.015321406487746462,0.00011079718575148191
snis,8,18100.0,0.23437536435231546,0.00648377291032683,0.0001104911330865698
snis,8,18150.0,0.24135956220566504,0.007653780771097954,0.00011018676656933502
snis,8,18200.0,0.30033095963260836,0.0030518230478007416,0.00010988407230371958
snis,8,18250.0,0.23745316929017823,0.0034605673249498816,0.00010958303654594269
snis,8,18300.0,0.24089874039079037,0.0033903087075111893,0.00010928364570242063
snis,8,18350.0,0.2352573466895306,0.00595468268000595,0.00010898588632772056
snis,8,18400.0,0.2287117692565994,0.00887898725611194,0.00010868974512254769
snis,8,18450.0,0.22942535441127246,0.0026803490193502296,0.00010839520893176522
snis,8,18500.0,0.2405720214833393,0.003553917259664356,0.00010810226474244635
snis,8,18550.0,0.22443077190693003,0.0027157024683636226,0.00010781089968195785
snis,8,18600.0,0.22684902822483513,0.007321011279945464,0.0001075211010160744
snis,8,18650.0,0.22915490369351119,0.012472882858077008,0.00010723285614712348
snis,8,18700.0,0.23948489252001723,0.007228284783753134,0.00010694615261215978
snis,8,18750.0,0.22448799050319387,0.007418606085103902,0.000106660978081169
snis,8,18800.0,0.2759477691955096,0.003258488493521693,0.00010637732035530025
snis,8,18850.0,0.27144329036973613,0.007152157727363589,0.00010609516736512653
snis,8,18900.0,0.22594654243591072,0.02353910835379823,0.00010581450716893285
snis,8,18950.0,0.24613690457540838,0.008863389009678353,0.0001055353279510316
snis,8,19000.0,0.28853519641492764,0.0022276766728990937,0.00010525761802010421
snis,8,19050.0,0.23936564165177254,0.004552508924617003,0.00010498136580756916
snis,8,19100.0,0.22640803165931186,0.003175119669962419,0.0001047065598659756
snis,8,19150.0,0.2974097573289075,0.02908906536076117,0.00010443318886742206
snis,8,19200.0,0.24874321862997914,0.007408663675976653,0.0001041612416019999
snis,8,19250.0,0.23745693387331238,0.002787618254469488,0.00010389070697626098
snis,8,19300.0,0.2531765770969524,0.0024814740961072303,0.00010362157401170923
snis,8,19350.0,0.2622689637891174,0.0025402692453973547,0.0001033538318433156
snis,8,19400.0,0.22753271149212015,0.00511819117812317,0.00010308746971805578
snis,8,19450.0,0.2595881666889766,0.010613931025309596,0.00010282247699347078
snis,8,19500.0,0.25966142895304645,0.0038836157051873855,0.00010255884313624942
snis,8,19550.0,0.22887134519273428,0.004864798080818562,0.00010229655772083269
snis,8,19600.0,0.2503588483081114,0.001986085156543407,0.00010203561042803938
snis,8,19650.0,0.334936564197045,0.0079867657804859,0.00010177599104371279
snis,8,19700.0,0.2344830420398585,0.0058378664154684476,0.00010151768945738795
snis,8,19750.0,0.24688545656667202,0.0036367139816010107,0.0001012606956609792
snis,8,19800.0,0.2337603685260757,0.008838288726323982,0.0001010049997474875
snis,8,19850.0,0.3443843846819136,0.009851527209870812,0.00010075059190972747
snis,8,19900.0,0.26368230668905296,0.003125124680816591,0.00010049746243907341
snis,8,19950.0,0.228945925655767,0.008417881915509323,0.00010024560172422435
snis,8,20000.0,0.28831392551003276,0.010431037158813196,9.99950002499875e-05
snis,8,20050.0,0.2251696497990209,0.010522523204748125,9.974564859607999e-05
snis,8,20100.0,0.27893571019110447,0.005414666304082389,9.949753743594846e-05
snis,8,20150.0,0.22528018720015824,0.005184842265597373,9.925065753560618e-05
snis,8,20200.0,0.22504510753908716,0.002687992259062608,9.90049997524875e-05
snis,8,20250.0,0.23674476960168694,0.00923902471566084,9.87605550343193e-05
snis,8,20300.0,0.22889003682719808,0.0025791119181766404,9.851731441800897e-05
snis,8,20350.0,0.2784493118040792,0.018083146466569527,9.827526902854897e-05
snis,8,20400.0,0.4216797890303759,0.009204341104194835,9.803441007793735e-05
snis,8,20450.0,0.24265115634337633,0.00393858925622498,9.779472886411422e-05
snis,8,20500.0,0.257503734631851,0.001105384613048432,9.755621676991366e-05
snis,8,20550.0,0.22578960174134655,0.0022148558200693036,9.731886526203104e-05
snis,8,20600.0,0.23791399780098754,0.0032995451239572634,9.708266589000534e-05
snis,8,20650.0,0.24089676636894292,0.003104426496662715,9.684761028521622e-05
snis,8,20700.0,0.2463960133578313,0.0014830277621276605,9.661369015989566e-05
snis,8,20750.0,0.2581905324162838,0.01520410142722805,9.638089730615392e-05
snis,8,20800.0,0.23088404598623857,0.005752117303502078,9.614922359501947e-05
snis,8,20850.0,0.24692243028599678,0.004088476193682373,9.591866097549278e-05
snis,8,20900.0,0.26728406153822926,0.006357130523825342,9.56892014736137e-05
snis,8,20950.0,0.2794795823231132,0.0019143594421194112,9.546083719154218e-05
snis,8,21000.0,0.3327040159914303,0.005140632129242512,9.523356030665207e-05
snis,8,21050.0,0.2259178463432031,0.0035083357846718,9.500736307063797e-05
snis,8,21100.0,0.2380350118288189,0.0029954373386657795,9.478223780863466e-05
snis,8,21150.0,0.39445288967200665,0.004472849252442881,9.455817691834901e-05
snis,8,21200.0,0.22753397208704212,0.007609962058684278,9.433517286920429e-05
snis,8,21250.0,0.2262370627363602,0.001413963089112561,9.411321820149641e-05
snis,8,21300.0,0.325414595053073,0.0005056075987357248,9.389230552556218e-05
snis,8,21350.0,0.23022973980748998,0.0060025723681781185,9.36724275209592e-05
snis,8,21400.0,0.31072881142399145,0.0042572239732159844,9.345357693565721e-05
snis,8,21450.0,0.26843448769917483,0.008778593263638142,9.323574658524078e-05
snis,8,21500.0,0.29053923926948916,0.004048946461942737,9.301892935212315e-05
snis,8,21550.0,0.2587806097404256,0.002071191071925926,9.280311818477101e-05
snis,8,21600.0,0.24187991439586679,0.008193501412400965,9.258830609693995e-05
snis,8,21650.0,0.2608060148671869,0.0042512470410424556,9.237448616692069e-05
snis,8,21700.0,0.2608227827967103,0.003659129777600899,9.216165153679554e-05
snis,8,21750.0,0.2331140683624181,0.00041718835037843094,9.194979541170521e-05
snis,8,21800.0,0.2276593000371758,0.003126691526219177,9.173891105912573e-05
snis,8,21850.0,0.2242705547891813,0.0042324751017429165,9.152899180815524e-05
snis,8,21900.0,0.29313954426832695,0.03873766512188726,9.132003104881056e-05
snis,8,21950.0,0.2309715956004476,0.0020233993884484335,9.111202223133342e-05
snis,8,22000.0,0.22508473713544075,0.0008487071101263025,9.090495886550612e-05
snis,8,22050.0,0.2444707099043789,0.008503202140209654,9.069883451997642e-05
snis,8,22100.0,0.2410778499346306,0.003835387356756005,9.049364282159179e-05
snis,8,22150.0,0.22641225445883906,0.0020533659339728085,9.028937745474245e-05
snis,8,22200.0,0.252736553605863,0.012756259232971799,9.008603216071348e-05
snis,8,22250.0,0.22652225600898357,0.009394525364923027,8.988360073704552e-05
snis,8,22300.0,0.2257043157851369,0.003645288147146886,8.968207703690417e-05
snis,8,22350.0,0.23422016350954833,0.00532053764026288,8.948145496845778e-05
snis,8,22400.0,0.26723605460210353,0.004084369538624249,8.928172849426365e-05
snis,8,22450.0,0.26395448428896234,0.006546645854202954,8.908289163066233e-05
snis,8,22500.0,0.2502967882702845,0.00624656739434645,8.888493844718013e-05
snis,8,22550.0,0.22671417446434852,0.0024717203592104584,8.868786306593942e-05
snis,8,22600.0,0.2836305550520938,0.013311901826656307,8.849165966107695e-05
snis,8,22650.0,0.24903801857554897,0.0038592931560101794,8.829632245816962e-05
snis,8,22700.0,0.2337218514055952,0.010565998366719169,8.810184573366812e-05
snis,8,22750.0,0.2537141974930137,0.003396229224580562,8.790822381433783e-05
snis,8,22800.0,0.4466593308663347,0.00913184005140765,8.771545107670716e-05
snis,8,22850.0,0.24814172022763564,0.011755000652503867,8.752352194652313e-05
snis,8,22900.0,0.2300793837227443,0.0025181602845697386,8.733243089821405e-05
snis,8,22950.0,0.2272473925225359,0.0021471046172388897,8.714217245435929e-05
snis,8,23000.0,0.22568740400580084,0.0027680744365840455,8.695274118516586e-05
snis,8,23050.0,0.24370301486801643,0.003508656121376379,8.676413170795193e-05
snis,8,23100.0,0.2311787763817236,0.003953273221951223,8.657633868663694e-05
snis,8,23150.0,0.2520019217633031,0.011424786163472082,8.638935683123839e-05
snis,8,23200.0,0.2600092608758746,0.004830565196781006,8.620318089737511e-05
snis,8,23250.0,0.22921797489374154,0.004467329918676283,8.601780568577695e-05
snis,8,23300.0,0.24070473303922413,0.0036832110315494324,8.583322604180079e-05
snis,8,23350.0,0.2353437942046146,0.004146986929149651,8.564943685495268e-05
snis,8,23400.0,0.23756454538510166,0.01259371751428337,8.54664330584163e-05
snis,8,23450.0,0.2305176881663947,0.007965131824870506,8.528420962858727e-05
snis,8,23500.0,0.25796084342977244,0.002948636832044724,8.510276158461342e-05
snis,8,23550.0,0.22724679553919122,0.0016979270514364561,8.492208398794107e-05
snis,8,23600.0,0.24436028850996716,0.006279600569796922,8.474217194186687e-05
snis,8,23650.0,0.2697274010066644,0.0037817239804602944,8.456302059109552e-05
snis,8,23700.0,0.22695325541616085,0.009881076336977877,8.43846251213029e-05
snis,8,23750.0,0.25434451156628396,0.001271341200569183,8.42069807587049e-05
snis,8,23800.0,0.23740562618700994,0.009754393429238443,8.403008276963153e-05
snis,8,23850.0,0.22490664281473857,0.012263576556395749,8.385392646010649e-05
snis,8,23900.0,0.23986772976983461,0.006959808112214745,8.367850717543199e-05
snis,8,23950.0,0.2345160185754607,0.010582106251960125,8.350382029977871e-05
snis,8,24000.0,0.22581450741990983,0.009524092542523187,8.332986125578101e-05
snis,8,24050.0,0.2604423442585889,0.009140020790817795,8.315662550413704e-05
snis,8,24100.0,0.2619791210798763,0.004285374479015245,8.298410854321397e-05
snis,8,24150.0,0.23433133827539399,0.002248067586561685,8.281230590865803e-05
snis,8,24200.0,0.22596982716137193,0.011439202870145177,8.264121317300938e-05
snis,8,24250.0,0.2516291001246895,0.009122183863977668,8.247082594532185e-05
snis,8,24300.0,0.24746043096102074,0.005746119830553166,8.23011398707872e-05
snis,8,24350.0,0.2343661515151122,0.004536115266689956,8.213215063036425e-05
snis,8,24400.0,0.24434584395833883,0.006376417621699986,8.196385394041228e-05
snis,8,24450.0,0.23008372937910318,0.0009144308011708504,8.179624555232915e-05
snis,8,24500.0,0.3010233158116115,0.011219298649467387,8.162932125219379e-05
snis,8,24550.0,0.22905432587522062,0.004023984999574018,8.146307686041302e-05
snis,8,24600.0,0.24157295353604144,0.0023785439408139626,8.129750823137271e-05
snis,8,24650.0,0.22920097539138748,0.00613247765018436,8.113261125309318e-05
snis,8,24700.0,0.30733547252395094,0.0030046769620127598,8.096838184688879e-05
snis,8,24750.0,0.22684635605976955,0.008089200519642986,8.080481596703163e-05
snis,8,24800.0,0.23920055460755676,0.009269820824780126,8.064190960041933e-05
snis,8,24850.0,0.22423152234485477,0.004971883848223027,8.047965876624683e-05
snis,8,24900.0,0.2286831628608598,0.004412407661682804,8.03180595156821e-05
snis,8,24950.0,0.2394939166132426,0.0034682998667525484,8.015710793154583e-05
prior,16,0.0,25.030738993705725,0.1737136599217227,1.0
prior,16,50.0,0.32262026464343624,0.0015359717694820136,0.7647058823529411
prior,16,100.0,0.8402783082645988,0.0012817801435616618,0.504950495049505
prior,16,150.0,0.3197935803538163,0.003971572732186586,0.46357615894039733
prior,16,200.0,0.4040783973146589,0.003497978521388111,0.417910447761194
prior,16,250.0,0.2757385595535197,0.002821106975146001,0.4063745019920319
prior,16,300.0,0.26606676847344185,0.0023612119755934847,0.3654485049833887
prior,16,350.0,1.452981091397518,0.003119324586959002,0.4131054131054131
prior,16,400.0,0.3767566239153998,0.002002392154023273,0.4339152119700748
prior,16,450.0,0.42584981649207987,0.0013752621596987659,0.3991130820399113
prior,16,500.0,0.3762573783383289,0.00122810704651118,0.3592814371257485
prior,16,550.0,0.3486873999759418,0.002205155063357756,0.3448275862068966
prior,16,600.0,0.22742654008314953,0.0006922230496009926,0.3277870216306156
prior,16,650.0,0.3857508240420223,0.0010063737060218405,0.30261136712749614
prior,16,700.0,0.5903191100003291,0.0011184341929344136,0.28245363766048504
prior,16,750.0,0.25352811495180266,0.0007637050406494577,0.27030625832223704
prior,16,800.0,0.22540202067229972,0.001038817774711378,0.2534332084893883
prior,16,850.0,0.24663211787561937,0.0008578323071340777,0.23854289071680376
prior,16,900.0,0.2427725259535535,0.00028276198563490423,0.2253052164261931
prior,16,950.0,0.3864580360114699,0.0002441506943932832,0.21345951629863302
prior,16,1000.0,0.2972594747360754,0.0006362466328159476,0.20279720279720279
prior,16,1050.0,0.24818174570854795,0.0005313039048349231,0.19314938154138916
prior,16,1100.0,0.2313869918889035,0.00048329831403462134,0.184377838328792
prior,16,1150.0,0.24318560940822817,0.00011968793372150428,0.17636837532580366
prior,16,1200.0,0.23364198410285256,0.00038796095728846895,0.16902581182348042
prior,16,1250.0,0.26890717195427727,0.0005224358104270697,0.16227018385291767
prior,16,1300.0,0.23757262697852297,0.00018982032858117076,0.15603382013835512
prior,16,1350.0,0.31303162261069256,0.0004907249773223514,0.15099925980754997
prior,16,1400.0,0.2502494230483848,0.0004296077887414639,0.145610278372591
prior,16,1450.0,0.25008644728473256,0.0009018493285930738,0.14059269469331495
prior,16,1500.0,0.2362015309741383,0.00028257857330639776,0.13590939373750832
prior,16,1550.0,0.2363445105450855,0.0007766111854970454,0.13152804642166344
prior,16,1600.0,0.2296271659509815,0.00037650699444893073,0.127420362273579
prior,16,1650.0,0.25443848744328734,0.0008724829349285521,0.12356147789218655
prior,16,1700.0,0.33837068251587094,0.00041726438813718215,0.11992945326278659
prior,16,1750.0,0.23536224082278137,0.00025581214337502985,0.11650485436893204
prior,16,1800.0,0.28875617346947424,0.0006524891176040155,0.11327040533037201
prior,16,1850.0,0.2444479064453191,6.571330875344448e-05,0.11021069692058347
prior,16,1900.0,0.3712246288552088,0.0007959884645535719,0.10731194108364019
prior,16,1950.0,0.26132432218832075,8.64813149847081e-05,0.10456176319835982
prior,16,2000.0,0.2361498891577505,0.0003443825957007495,0.10194902548725637
prior,16,2050.0,0.2286279585901871,0.000195844147096246,0.09946367625548513
prior,16,2100.0,0.23307082636728899,0.00015110366777820522,0.09709662065683008
prior,16,2150.0,0.2284464067053854,0.0003710149408013547,0.09483960948396095
prior,16,2200.0,0.23045080049867714,0.00017424932010785458,0.09268514311676511
prior,16,2250.0,0.2439521281052423,0.0004191565782094084,0.09062638827187916
prior,16,2300.0,0.24303051532667394,0.0003915621164690983,0.08865710560625815
prior,16,2350.0,0.2288150881173912,0.0006025759383808242,0.0867715865589111
prior,16,2400.0,0.23202166471256636,0.00024637496883669994,0.0849645980841316
prior,16,2450.0,0.24578050520193517,0.0002856377169421872,0.0832313341493268
prior,16,2500.0,0.24124634352381577,0.0003159979138215361,0.08156737305077968
prior,16,2550.0,0.31487302241357884,0.000417452661129204,0.079968639749118
prior,16,2600.0,0.34447511036355877,0.00036147678446935824,0.0784313725490196
prior,16,2650.0,0.24297398008392185,0.00035263566676540744,0.07695209354960392
prior,16,2700.0,0.25594147364206266,0.0006230315895758121,0.07552758237689744
prior,16,2750.0,0.29834529843026053,0.0002998804385735452,0.07415485278080698
prior,16,2800.0,0.23708231928106038,0.00022751017846257474,0.07283113173866476
prior,16,2850.0,0.24120350957808218,0.0002992309482479819,0.0715538407576289
prior,16,2900.0,0.22673062996657972,0.00014159636473459712,0.0703205791106515
prior,16,2950.0,0.2604062228989094,0.0001946297341729021,0.06912910877668586
prior,16,3000.0,0.23661737013249237,6.626877293930412e-05,0.06797734088637121
prior,16,3050.0,0.2318388371912162,0.0005891710559499342,0.06686332350049164
prior,16,3100.0,0.23349357189770364,0.00038610885256849396,0.06578523057078361
prior,16,3150.0,0.245160144441258,0.0002148510452848357,0.06474135195176134
prior,16,3200.0,0.23890400293991668,0.0001999981082355179,0.06373008434864105
prior,16,3250.0,0.26217273064542734,0.0004533966559249397,0.06274992310058443
prior,16,3300.0,0.2537837483930547,0.0002653333873656581,0.06179945471069373
prior,16,3350.0,0.2935112802922238,0.00024845194388886714,0.06087735004476276
prior,16,3400.0,0.2617885513433887,0.0006823600935772823,0.05998235812996178
prior,16,3450.0,0.23923840492735518,0.00033382510271753516,0.059113300492610835
prior,16,3500.0,0.3263146332152931,0.00014064179183973484,0.05826906598114824
prior,16,3550.0,0.3019828026414629,0.0001499287050153148,0.057448606026471415
prior,16,3600.0,0.31077207787085714,0.0003078710021367376,0.05665093029713968
prior,16,3650.0,0.28732003384274674,0.0002873389888166204,0.05587510271158587
prior,16,3700.0,0.2297553359959167,0.00035338776031900007,0.05512023777357471
prior,16,3750.0,0.2415007884071477,0.00031066999664282715,0.054385497200746466
prior,16,3800.0,0.2678079382028991,0.000322224248520853,0.05367008681925809
prior,16,3850.0,0.29070544363811873,0.00034711625499145706,0.05297325370033758
prior,16,3900.0,0.2781315382269808,0.000620391770189648,0.05229428351704691
prior,16,3950.0,0.23500964724626852,0.0007358524132248129,0.051632498101746395
prior,16,4000.0,0.27056965281304735,0.0004634079332026291,0.05098725318670332
prior,16,4050.0,0.24829204474655778,0.00028081586293257,0.05035793631202172
prior,16,4100.0,0.2637759119709855,7.542506104970336e-05,0.04974396488661302
prior,16,4150.0,0.24344738375622013,0.0004396936302468549,0.04914478438930378
prior,16,4200.0,0.2577050641004269,0.0004924103787579774,0.04855986669840514
prior,16,4250.0,0.4029678286705614,0.00028952041270587277,0.04798870853916726
prior,16,4300.0,0.23808044369871253,0.00048612922796075674,0.04743083003952569
prior,16,4350.0,0.25828685377892036,0.00020575397820574214,0.04688577338542864
prior,16,4400.0,0.2598756580233309,0.0001294516675707242,0.046353101567825496
prior,16,4450.0,0.24057403683174022,0.0003193703318377475,0.045832397214109186
prior,16,4500.0,0.2313523371916943,0.00020890691792983083,0.04532326149744501
prior,16,4550.0,0.2356918542951034,0.0005911373267724855,0.04482531311799604
prior,16,4600.0,0.22640224132777478,0.0002121269938696973,0.04433818735057596
prior,16,4650.0,0.26429514486044514,0.00013859944934871963,0.04386153515373038
prior,16,4700.0,0.3282931365243462,0.0003494514592024737,0.04339502233567326
prior,16,4750.0,0.23083721037541596,0.0003426466614615193,0.04293832877288992
prior,16,4800.0,0.2575920649187334,0.0006886803665144435,0.042491147677567176
prior,16,4850.0,0.25408039142483896,0.00040999955338200144,0.042053184910327765
prior,16,4900.0,0.24952030429732383,0.0003377534366132507,0.04162415833503367
prior,16,4950.0,0.2590840728242986,0.00038815061144842626,0.04120379721268431
prior,16,5000.0,0.23878454001397095,0.00023983448783905807,0.04079184163167367
prior,16,5050.0,0.23357070700551372,0.00014591721206529893,0.04038804197188676
prior,16,5100.0,0.2414511990829768,0.0003805226516259366,0.039992158400313664
prior,16,5150.0,0.23273810553309185,0.00037439798033729214,0.039603960396039604
prior,16,5200.0,0.23083862623907936,0.0008587699304248798,0.03922322630263411
prior,16,5250.0,0.2273657661045131,0.00011314322901960101,0.03884974290611312
prior,16,5300.0,0.23470643875449157,0.00037483995954746413,0.038483305036785515
prior,16,5350.0,0.2674631686927942,0.00048464865316441926,0.03812371519342179
prior,16,5400.0,0.22669785597683448,0.00024697983235506533,0.03777078318829846
prior,16,5450.0,0.23665600427328484,0.0003709031727539909,0.03742432581177765
prior,16,5500.0,0.35630000203775986,0.0003383179749890078,0.03708416651517906
prior,16,5550.0,0.2331787247077125,0.0002228750278227921,0.03675013511079085
prior,16,5600.0,0.33428727339775294,0.00017141619534105456,0.03642206748794858
prior,16,5650.0,0.24618584359982243,0.00021731056192951395,0.03609980534418687
prior,16,5700.0,0.44815363706089784,0.0006249730188823008,0.035783195930538504
prior,16,5750.0,0.30144040008180895,0.0005030288494824846,0.03547209181011998
prior,16,5800.0,0.24762039986532863,9.857990866039268e-05,0.03516635062920186
prior,16,5850.0,0.25884739519734423,0.0003725112117270722,0.034865834900017094
prior,16,5900.0,0.3123877328035419,0.0002752716968376604,0.03457041179461108
prior,16,5950.0,0.2276543911422468,0.00020559146297067238,0.03427995294908419
prior,16,6000.0,0.256945953361471,0.0003906072407252251,0.0339943342776204
prior,16,6050.0,0.2319338109420744,0.0001525806291385322,0.03371343579573624
prior,16,6100.0,0.2332009338353418,0.0002903642841340852,0.033437141452220945
prior,16,6150.0,0.2308144224008858,0.00024233666629662264,0.03316533896927329
prior,16,6200.0,0.24255150359808728,0.0002565191429933262,0.03289791969037252
prior,16,6250.0,0.25583633998099276,0.000383574682749761,0.032634778435450325
prior,16,6300.0,0.24395047942899828,0.000284950101088158,0.032375813362958264
prior,16,6350.0,0.2671989003511588,0.0005292931943076935,0.03212092583845064
prior,16,6400.0,0.29252488837422097,0.00046342518637073184,0.03187002030932667
prior,16,6450.0,0.3490498540166988,0.00015337251045205176,0.03162300418539761
prior,16,6500.0,0.26829272939431714,0.0003565845946402358,0.03137978772496539
prior,16,6550.0,0.24173112430122293,0.00016821675366079052,0.03114028392611815
prior,16,6600.0,0.32805478517614606,0.000337451608046583,0.03090440842296622
prior,16,6650.0,0.28436180506528513,0.00034393684819576626,0.03067207938655841
prior,16,6700.0,0.2281974121017923,0.00018123262777336116,0.030443217430234294
prior,16,6750.0,0.2305663741646721,0.00025566753184974,0.030217745519182344
prior,16,6800.0,0.22752321103813886,0.0001063112060395816,0.02999558888398765
prior,16,6850.0,0.2567161444436141,0.0009813489225293185,0.02977667493796526
prior,16,6900.0,0.2528865464167176,0.0003094350638685181,0.029560933198087235
prior,16,6950.0,0.28883653654459357,0.00039455899700609545,0.0293482952093224
prior,16,7000.0,0.35184063765305074,0.00048825825965284777,0.029138694472218254
prior,16,7050.0,0.24132593763332,0.0003513334724499489,0.028932066373564033
prior,16,7100.0,0.24544245368327183,0.0007204602345876792,0.0287283481199831
prior,16,7150.0,0.2912993239997776,0.00017869069546653455,0.028527478674311286
prior,16,7200.0,0.24500582607484905,0.0003934764625662781,0.028329398694625748
prior,16,7250.0,0.2982202875350239,0.0005247031879857869,0.02813405047579644
prior,16,7300.0,0.2681078977301357,9.66535871978732e-05,0.027941377893439256
prior,16,7350.0,0.25502690454323795,0.0003465887172835942,0.027751326350156442
prior,16,7400.0,0.23420064477564542,9.03529686871465e-05,0.027563842723956223
prior,16,7450.0,0.2463605150578073,0.00025101208294605747,0.027378875318749163
prior,16,7500.0,0.29019345616218506,0.00060246164762143,0.027196373816824423
prior,16,7550.0,0.23019073149423355,0.00041074789385977704,0.027016289233214145
prior,16,7600.0,0.252818903032212,0.0005177773553424374,0.026838573871858964
prior,16,7650.0,0.24474229707854203,0.0002854997991955014,0.026663181283492356
prior,16,7700.0,0.2791482326083952,0.000382552207601941,0.026490066225165563
prior,16,7750.0,0.3031235096410893,0.0004434151860078761,0.02631918462133918
prior,16,7800.0,0.24310849226653825,0.0005282289310560443,0.026150493526470964
prior,16,7850.0,0.2439131045952413,0.0003286597965299965,0.025983951089033244
prior,16,7900.0,0.22911961561907737,0.0003046722498292641,0.025819516516896596
prior,16,7950.0,0.2752850347045684,0.0001754637638188904,0.02565715004401962
prior,16,8000.0,0.23699130819803396,0.00030249047195589313,0.0254968128983877
prior,16,8050.0,0.23170718856495737,0.00025959729549315515,0.025338467271146442
prior,16,8100.0,0.2696136912172681,0.00031167646426062706,0.025182076286878165
prior,16,8150.0,0.24867818869006675,0.0003840988648836574,0.025027603974972397
prior,16,8200.0,0.25629741800970784,0.00019942002349811796,0.024875015242043653
prior,16,8250.0,0.2859404249044511,0.0004913721341822882,0.024724275845352077
prior,16,8300.0,0.27560089278345234,0.0003706566072947496,0.024575352367184677
prior,16,8350.0,0.239062332629815,0.0002134772008373671,0.024428212190156867
prior,16,8400.0,0.23704413589536907,0.00031604010643706783,0.024282823473396026
prior,16,8450.0,0.4564541961561423,0.00042447642120326494,0.024139155129570464
prior,16,8500.0,0.24644047644263128,0.000116294484502756,0.02399717680272909
prior,16,8550.0,0.2634554083601519,0.00030925870567617215,0.02385685884691849
prior,16,8600.0,0.2545086792273607,0.0001874403832606677,0.023718172305545866
prior,16,8650.0,0.23037834408755298,0.00019755864267681126,0.023581088891457633
prior,16,8700.0,0.2641214216709092,0.0007198369857691466,0.02344558096770486
prior,16,8750.0,0.24359317142552459,0.000517245459347231,0.023311621528968117
prior,16,8800.0,0.3173753277904455,0.0002853083644591204,0.0231791841836155
prior,16,8850.0,0.22928838024936854,0.0002463965244237751,0.023048243136368773
prior,16,8900.0,0.2970654287593319,0.00021362105505484295,0.022918773171553757
prior,16,8950.0,0.27131506580186954,0.00019592646073862485,0.022790749636912078
prior,16,9000.0,0.24202116258505932,0.00019260960407387935,0.02266414842795245
prior,16,9050.0,0.2402878808174033,0.00022253572791857342,0.022538945972820683
prior,16,9100.0,0.26522469860795217,0.0006468741710040395,0.022415119217668387
prior,16,9150.0,0.23988687062394193,0.00014882891200907516,0.022292645612501365
prior,16,9200.0,0.24496325327621937,0.00031257035338485114,0.022171503097489404
prior,16,9250.0,0.2896700732407548,0.0004732282043855448,0.02205167008972003
prior,16,9300.0,0.2809861398180052,0.0001786294705788641,0.021933125470379528
prior,16,9350.0,0.4543435970141293,0.0001587701973621028,0.021815848572345205
prior,16,9400.0,0.35063446813183374,0.000241793060808587,0.0216998191681736
prior,16,9450.0,0.3012767166144408,0.00023947908306351772,0.021585017458470003
prior,16,9500.0,0.24117952695726416,0.0002611490643975398,0.0214714240606252
prior,16,9550.0,0.27202151802223223,0.00032445366172578446,0.02135901999790598
prior,16,9600.0,0.2556053679933066,0.00022401996638227542,0.021247786688886574
prior,16,9650.0,0.24294530966886105,0.0002823587248867919,0.021137705937208578
prior,16,9700.0,0.27045204511653276,0.00020455174745846893,0.02102875992165756
prior,16,9750.0,0.2558585274178665,0.00021876560207815962,0.02092093118654497
prior,16,9800.0,0.23381819004727505,0.0005804540059052938,0.02081420263238445
prior,16,9850.0,0.23666534056052632,0.00019604883330965925,0.020708557506852097
prior,16,9900.0,0.3397614070350388,0.0007550565152585233,0.020603979396020603
prior,16,9950.0,0.23733881979364327,0.0002878564398661912,0.020500452215857702
prior,16,10000.0,0.27803738532877686,0.0002551370429599532,0.020397960203979604
prior,16,10050.0,0.3428105836457216,0.0003124946917273397,0.020296487911650583
prior,16,10100.0,0.24328089053511998,0.0004630353191876682,0.020196020196020195
prior,16,10150.0,0.24722489898734024,0.00025574141438410914,0.020096542212589892
prior,16,10200.0,0.24649557201332595,0.00028875566301642363,0.019998039407901187
prior,16,10250.0,0.24658541154227862,0.0002711669868542296,0.01990049751243781
prior,16,10300.0,0.23981687295938195,0.0003154117748624837,0.01980390253373459
prior,16,10350.0,0.2848935454412963,0.00034868789556758513,0.01970824074968602
prior,16,10400.0,0.22699199691973673,0.0003272707649358254,0.01961349870204788
prior,16,10450.0,0.29728048561370723,0.00040289774748775967,0.019519663190125346
prior,16,10500.0,0.22846452498821135,0.00029205308830703087,0.019426721264641462
prior,16,10550.0,0.22917321611738037,0.00045213768102794305,0.019334660221779928
prior,16,10600.0,0.258847455080759,0.00031859529699377866,0.019243467597396473
prior,16,10650.0,0.23633427953628203,0.0002531219682284048,0.019153131161393295
prior,16,10700.0,0.24304059719284407,8.975456291609366e-05,0.019063638912251192
prior,16,10750.0,0.32493224975376406,0.0005184714872843994,0.01897497907171426
prior,16,10800.0,0.3105510768697975,0.0006118573561522126,0.018887140079622257
prior,16,10850.0,0.39628657802293876,0.0004348193753518836,0.018800110588885817
prior,16,10900.0,0.4007555117777031,0.00024421804033247443,0.018713879460599946
prior,16,10950.0,0.23313020258161976,0.0002356381657522261,0.01862843575929139
prior,16,11000.0,0.3649905998070558,0.0002104774775373858,0.018543768748295608
prior,16,11050.0,0.3476715046045701,0.0001342991298108319,0.018459867885259253
prior,16,11100.0,0.2426426527916624,0.00014476781535628855,0.018376722817764167
prior,16,11150.0,0.2569682052178457,0.00020670453132935038,0.018294323379069142
prior,16,11200.0,0.2843484917318677,0.0003175857263912347,0.01821265958396572
prior,16,11250.0,0.2729364184380926,0.0002466237308414106,0.018131721624744468
prior,16,11300.0,0.2526583053305043,0.00023912369191434295,0.018051499867268384
prior,16,11350.0,0.24098206723693863,9.271673926451066e-05,0.01797198484715003
prior,16,11400.0,0.2805524305646237,0.00020929568552428512,0.017893167266029297
prior,16,11450.0,0.27672204093487424,0.00016191526867398863,0.017815037987948652
prior,16,11500.0,0.23834020964105068,0.0006012607205807629,0.01773758803582297
prior,16,11550.0,0.2503372926888228,0.00014261602006678531,0.01766080858800104
prior,16,11600.0,0.22676337335712304,0.0004539409647787732,0.017584690974915957
prior,16,11650.0,0.26012382632057857,0.0003272866525147468,0.017509226675821818
prior,16,11700.0,0.22950661364567068,0.0002859936627057938,0.01743440731561405
prior,16,11750.0,0.2500455052402987,0.0002633510165615055,0.017360224661730917
prior,16,11800.0,0.2496421843050924,0.0003337140433253175,0.0172866706211338
prior,16,11850.0,0.30257315057161943,0.00015569195865200195,0.017213737237363934
prior,16,11900.0,0.2396353725448036,0.00020972537312031184,0.017141416687673303
prior,16,11950.0,0.23142166223845725,0.00038427281322569545,0.017069701280227598
prior,16,12000.0,0.2297446603004404,0.0001392968155935813,0.016998583451379053
prior,16,12050.0,0.2959821839236064,6.639702632269247e-05,0.01692805576300722
prior,16,12100.0,0.2622737727360293,0.00016456108996188844,0.016858110899925626
prior,16,12150.0,0.23204569436766584,0.0005407476680625895,0.01678874166735248
prior,16,12200.0,0.2850112517362993,0.00017313411559661483,0.01671994098844357
prior,16,12250.0,0.26121204430627293,0.00031558015657418096,0.01665170190188556
prior,16,12300.0,0.259603312180638,0.00014923024995347757,0.016584017559548005
prior,16,12350.0,0.25029485814937935,0.00018034711165416535,0.016516881224192374
prior,16,12400.0,0.24677513727449338,0.00013583223539741227,0.016450286267236512
prior,16,12450.0,0.2472158282240235,0.00045017298055227434,0.016384226166572965
is,16,0.0,25.14784460861972,0.25478213624778806,1.0
is,16,50.0,2.301038360220601,0.037451909567916025,1.0
is,16,100.0,1.101767497470204,0.009021172694106665,1.0
is,16,150.0,1.6148472790382902,0.010799958179955781,0.9933774834437086
is,16,200.0,0.7541168210109636,0.0019468080625024142,0.9701492537313433
is,16,250.0,0.38020573814539677,0.005986218876579283,0.9442231075697212
is,16,300.0,0.38655860688874516,0.0026175082398763884,0.9269102990033222
is,16,350.0,0.23772422299647675,0.0018724151359571994,0.8774928774928775
is,16,400.0,0.5293225968520249,0.0010804745203934335,0.8503740648379052
is,16,450.0,0.2513197116012787,0.0003308415250411871,0.8181818181818182
is,16,500.0,0.2381691209979187,0.0010466005163325015,0.7884231536926147
is,16,550.0,0.41613150564728435,0.000635483782308637,0.7332123411978222
is,16,600.0,0.3116760354272107,0.0040344388408057544,0.7254575707154742
is,16,650.0,0.24130232035764568,0.0007508998562804857,0.7112135176651305
is,16,700.0,0.2876181507013879,0.001041788830260863,0.6890156918687589
is,16,750.0,0.3043620178453668,0.002702241934085691,0.6697736351531292
is,16,800.0,0.27477181912007737,0.0006700321329401297,0.6504369538077404
is,16,850.0,0.39385195618337576,0.002012718295620172,0.63572267920094
is,16,900.0,0.44116315993312627,0.0008820718747299781,0.6448390677025527
is,16,950.0,0.25902660987403064,0.00043813378672999756,0.6288117770767613
is,16,1000.0,0.357848004300012,0.0012340187078537185,0.6213786213786214
is,16,1050.0,0.28896987262662704,0.004347560127319543,0.6089438629876308
is,16,1100.0,0.27902227583452816,0.0028554756900502154,0.5958219800181653
is,16,1150.0,0.3041135450640522,0.001205680606334632,0.5986099044309297
is,16,1200.0,0.28676842150925114,0.0008760292907206439,0.5920066611157369
is,16,1250.0,0.28424401733014365,0.0012688884021318056,0.5883293365307753
is,16,1300.0,0.3037379037619843,0.00044087085039958826,0.5803228285933897
is,16,1350.0,0.23583220063303773,0.0003581928868761207,0.5729089563286455
is,16,1400.0,0.2396173475448239,0.0006587042788393213,0.5610278372591007
is,16,1450.0,0.23390894949959953,0.0008660353555565737,0.554789800137836
is,16,1500.0,0.25283921602255616,0.0010759028995419944,0.5449700199866756
is,16,1550.0,0.2946493401895955,0.0013167046636174374,0.5448098001289491
is,16,1600.0,0.41642192259987476,0.00037450348115022246,0.5440349781386633
is,16,1650.0,0.5471519922195112,0.0011864361487057145,0.5378558449424591
is,16,1700.0,0.44769724414693496,0.000438029649011712,0.5308641975308642
is,16,1750.0,0.23137644781798428,0.00047053134493774357,0.528269560251285
is,16,1800.0,0.6488338551615953,0.00012139748618182111,0.5258189894503054
is,16,1850.0,0.3369142030911747,0.0012975975351930005,0.5224203133441383
is,16,1900.0,0.32229299373226694,0.0013651237430393807,0.5255128879537085
is,16,1950.0,0.2521231744644809,0.0005760114181426221,0.5197334700153767
is,16,2000.0,0.2610476113151557,0.00045036810759053667,0.5147426286856571
is,16,2050.0,0.2880843020903952,0.0022157428589200875,0.5109702584105315
is,16,2100.0,0.30132059880864737,0.0012277169675916316,0.5069014754878629
is,16,2150.0,0.22878685188250444,0.0009706645127359935,0.5034867503486751
is,16,2200.0,0.5172416191659206,0.002144414653850845,0.49886415265788275
is,16,2250.0,0.25504462131885947,0.0008153742056902825,0.5006663705019991
is,16,2300.0,0.37448640372288877,0.0007433265362244095,0.49760973489787047
is,16,2350.0,0.2605774591924317,0.0006082702149830441,0.497235219055721
is,16,2400.0,0.29990323595529383,0.0037593123452888885,0.4910453977509371
is,16,2450.0,0.23635598340071284,0.0004230608525834318,0.48633210934312526
is,16,2500.0,0.26379126759699595,0.000277129019835522,0.4814074370251899
is,16,2550.0,0.24102037408220547,0.0004703675968593538,0.47589180713445706
is,16,2600.0,0.28298399738032676,0.0006777881452613501,0.4744329104190696
is,16,2650.0,0.34341393028582046,0.0008144544492420938,0.4741606940777065
is,16,2700.0,0.42479402537194455,0.002346254035109411,0.47389855609033693
is,16,2750.0,0.45226918497647134,0.0006699670793902886,0.4725554343874955
is,16,2800.0,0.47569976375537987,0.0006835691215288529,0.4680471260264191
is,16,2850.0,0.259874513518855,0.0007750857839621736,0.4682567520168362
is,16,2900.0,0.2380570199339553,0.0011529282268132168,0.46570148224750085
is,16,2950.0,0.3292066217830792,0.0018275171454989615,0.46492714334124025
is,16,3000.0,0.369471736208625,0.000749243402782564,0.46484505164945017
is,16,3050.0,0.3122714376787409,0.0003892369988621375,0.4605047525401508
is,16,3100.0,0.3351116584051899,0.001700411527088441,0.45791680103192517
is,16,3150.0,0.2514495961201102,0.00024492388976059146,0.4563630593462393
is,16,3200.0,0.4418711434355432,0.0005649119933804898,0.45735707591377694
is,16,3250.0,0.24306351516602354,0.00038100912316128767,0.45462934481697936
is,16,3300.0,0.2782763322143112,0.0011944256389579792,0.45561950923962435
is,16,3350.0,0.3948399844200848,0.00040726500114208607,0.4512085944494181
is,16,3400.0,0.44272897254804555,0.0010884645057383892,0.4489855924728021
is,16,3450.0,0.3726234772591346,0.0003921056206065217,0.4485656331498116
is,16,3500.0,0.32826346030085474,0.0007911685306568102,0.44930019994287346
is,16,3550.0,0.35373453551175826,0.00042137667505134804,0.45057730216840325
is,16,3600.0,0.3459581055494998,0.00043796093547365626,0.44765342960288806
is,16,3650.0,0.27198222029425634,0.0008250973096890347,0.4439879485072583
is,16,3700.0,0.3191685794093911,0.0006766675095910978,0.441772493920562
is,16,3750.0,0.254505333154171,0.0012334408058615764,0.4380165289256198
is,16,3800.0,0.6755900385978338,0.0008658841657856273,0.43804262036306235
is,16,3850.0,0.32951003133173407,0.0010632585981224876,0.4401454167748637
is,16,3900.0,0.6480168271977311,0.0005362500983393266,0.43809279671879003
is,16,3950.0,0.34694918625740684,0.0006110836871413284,0.4401417362692989
is,16,4000.0,0.29280739060691674,0.003473316056042832,0.4393901524618845
is,16,4050.0,0.2772402917821118,0.0021812452403975726,0.4356948901505801
is,16,4100.0,0.3436691430498997,0.0012288779928986838,0.43208973421116803
is,16,4150.0,0.2871938086433063,0.0006783140429972239,0.42953505179474827
is,16,4200.0,0.23907800280361072,0.0004838800287457179,0.42846941204475125
is,16,4250.0,0.2470255217614667,0.001983040072367625,0.4278993178075747
is,16,4300.0,0.3163952315329433,0.0020552993821259876,0.4264124622180888
is,16,4350.0,0.24646232119590147,0.001044107043262409,0.42358078602620086
is,16,4400.0,0.3715001148575301,0.0013203814064850009,0.42285844126334926
is,16,4450.0,0.3334304776280772,0.0006717913535692024,0.4210289822511795
is,16,4500.0,0.2913370567435161,0.0007871201719250237,0.4203510331037547
is,16,4550.0,0.2643998542423061,0.0006892239036184965,0.4194682487365414
is,16,4600.0,0.25072034203659643,0.0008935999999308123,0.419474027385351
is,16,4650.0,0.3222241943868537,0.000443948552535083,0.4181896366372823
is,16,4700.0,0.22895068783197434,0.0015480710588831941,0.41948521591150817
is,16,4750.0,0.3213578157009971,0.0007091668107920253,0.4180172595243107
is,16,4800.0,0.45224251887214906,0.0009348474423549474,0.419079358466986
is,16,4850.0,0.23423231301793693,0.0004896876595181717,0.4184704184704185
is,16,4900.0,0.6267878220545624,0.0008420190360648694,0.41746582330136706
is,16,4950.0,0.2838524338761406,0.0004166265632492302,0.4176933952736821
is,16,5000.0,0.5386060281386487,0.0003885584126860769,0.41611677664467106
is,16,5050.0,0.3929529158149229,0.005581673551247303,0.41437339140764207
is,16,5100.0,0.33388821842383504,0.00036579816968122,0.41286022348559104
is,16,5150.0,0.40620102035365757,0.0012348690033455528,0.41370607649000196
is,16,5200.0,0.2927029142193524,0.0003958264841338317,0.41261295904633727
is,16,5250.0,0.2540612145012204,0.0006459722056246666,0.41135021900590363
is,16,5300.0,0.2716713398753643,0.0012867058410616133,0.41256366723259763
is,16,5350.0,0.2820547260085782,0.002485316780826165,0.41095122407026724
is,16,5400.0,0.6217951754155927,0.0006919458589171553,0.4091834845399
is,16,5450.0,0.34630294658741767,0.00030958840443885086,0.4087323426894148
is,16,5500.0,0.3827278227948554,0.0004518645790352867,0.4093801127067806
is,16,5550.0,0.7551937479345927,0.0007773028045948007,0.4080345883624572
is,16,5600.0,0.5560600209505717,0.0012868162453905203,0.40671308694875913
is,16,5650.0,0.28602594943946236,0.0009169194396490897,0.4059458502919837
is,16,5700.0,0.2261429191622265,0.0007331403224210685,0.402911769864936
is,16,5750.0,0.23541228302945705,0.0004901639480876943,0.4016692749087115
is,16,5800.0,0.283842804258509,0.0008966750596297938,0.4018272711601448
is,16,5850.0,0.23547216610211005,0.0007306689853207464,0.39941890275166636
is,16,5900.0,0.23024002600703009,0.0005086401427379875,0.39722081003219795
is,16,5950.0,0.27205457464074195,0.0009807196231314214,0.396067887749958
is,16,6000.0,0.27089782196818385,0.0013862815529276356,0.39626728878520245
is,16,6050.0,0.3073924015923301,0.00026277876579839765,0.3961328705999008
is,16,6100.0,0.2702370478438896,0.0010123829894782515,0.39501721029339454
is,16,6150.0,0.2565964561749324,0.000643165126445445,0.39391968785563325
is,16,6200.0,0.25813480829793667,0.0004186823858511789,0.3925173359135623
is,16,6250.0,0.24824851227255634,0.00034975379384873616,0.3908174692049272
is,16,6300.0,0.252412782212922,0.0008094104831575523,0.3910490398349468
is,16,6350.0,0.265992299619872,0.0020753621972503,0.389387498031806
is,16,6400.0,0.27141694728420795,0.000378093962309274,0.38947039525074206
is,16,6450.0,0.29631806754246554,0.0003217956587037918,0.38939699271430783
is,16,6500.0,0.3533106323069493,0.0003662518895643072,0.387940316874327
is,16,6550.0,0.3056630882339915,0.0008365810330890454,0.38925354907647686
is,16,6600.0,0.3288689317715932,0.0009321197379987496,0.3887289804575064
is,16,6650.0,0.43692730668203034,0.0012016003561782457,0.3877612389114419
is,16,6700.0,0.27871996275734023,0.0012601607332234275,0.3887479480674526
is,16,6750.0,0.22834678454753743,0.0009366949054055391,0.38883128425418456
is,16,6800.0,0.2486359680211083,0.00016621652340993303,0.38744302308484047
is,16,6850.0,0.23970576980705185,0.0003768688481067669,0.38724273828638156
is,16,6900.0,0.22851998876071,0.000741280500127223,0.3876249818866831
is,16,6950.0,0.3399395538189468,0.0005691685504852119,0.3874262696014962
is,16,7000.0,0.30224662548627285,0.0005769413983959749,0.3879445793458077
is,16,7050.0,0.24575573364674144,0.0006073493657743827,0.387746418947667
is,16,7100.0,0.3347706512408271,0.0006316334730894825,0.38867765103506546
is,16,7150.0,0.24569890990808796,0.0007833747113650863,0.3881974549014124
is,16,7200.0,0.30424755094896055,0.001801193035125746,0.38772392723232885
is,16,7250.0,0.36106129616995314,0.0009687033236999767,0.38725693007860984
is,16,7300.0,0.24303817142647394,0.001086118783206961,0.388439939734283
is,16,7350.0,0.3351677290208198,0.0008979376247821646,0.3874302815943409
is,16,7400.0,0.28348808659848773,0.0011386810774436278,0.38548844750709366
is,16,7450.0,0.39415132355320226,0.0011418025341969071,0.3853174070594551
is,16,7500.0,0.3879125439581817,0.0005959511077924775,0.3854152779629383
is,16,7550.0,0.23123067215436685,0.00011872396131467505,0.38524698715401934
is,16,7600.0,0.28280990356653385,0.0008336765615916418,0.3840284173135114
is,16,7650.0,0.22511261034101576,0.00036508481325730216,0.38387138936086784
is,16,7700.0,0.30351038476581366,0.00024395017662071338,0.3828074276068043
is,16,7750.0,0.27967266051338674,0.0020323257569816724,0.38085408334408466
is,16,7800.0,0.2877069967510648,0.00018216010719539024,0.3807204204589155
is,16,7850.0,0.2866085107509386,0.00019029924090836701,0.3800789708317412
is,16,7900.0,0.2359132953977022,0.000588378986283132,0.37931907353499555
is,16,7950.0,0.2532638046764062,0.0003065548698862516,0.3791975852094076
is,16,8000.0,0.30264649531557464,0.0012757257880060709,0.3787026621672291
is,16,8050.0,0.4311128514952037,0.0005811466484640657,0.3779654701279344
is,16,8100.0,0.22633713402081126,0.0005539556184641622,0.3776077027527466
is,16,8150.0,0.28840034796022157,0.0013739518648595503,0.3760274812906392
is,16,8200.0,0.22672317624152521,0.0005392314569747996,0.37629557371052313
is,16,8250.0,0.30861952308558616,0.0006074637903902199,0.3751060477517877
is,16,8300.0,0.37889835324599613,0.0002570660657954461,0.3738103842910493
is,16,8350.0,0.3944987140344431,0.0005013251715245265,0.37420668183451083
is,16,8400.0,0.38994382742626255,0.0014350050078299093,0.37566956314724437
is,16,8450.0,0.2287216910564755,0.001220786381582255,0.3751035380428352
is,16,8500.0,0.26585756059529364,0.0008210064078993562,0.37430890483472534
is,16,8550.0,0.43478954857158303,0.0005730843700910265,0.37375745526838966
is,16,8600.0,0.3442095146715785,0.0004592279138922501,0.3747238693175212
is,16,8650.0,0.2850813354902398,0.001451474065096139,0.37394520864639924
is,16,8700.0,0.6255144209429354,0.00032048633879289823,0.3729456384323641
is,16,8750.0,0.23741242013567085,0.0004119335064961001,0.37252885384527484
is,16,8800.0,0.2648203099506152,0.00024143634480296047,0.3713214407453698
is,16,8850.0,0.329991767808681,0.0011091978104497378,0.3709185402779347
is,16,8900.0,0.34021301830513173,0.0008172693247829618,0.37018312549151783
is,16,8950.0,0.2478694517694604,0.00036083574724265225,0.3694559267120992
is,16,9000.0,0.2505856161541067,0.0004810774150760625,0.3685146094878347
is,16,9050.0,0.3639605349805373,0.0004963267581902304,0.3684675726439067
is,16,9100.0,0.2414169682750345,0.0007341925436066745,0.3682012965608175
is,16,9150.0,0.36036638087181483,0.0005120439252998522,0.3682657633045569
is,16,9200.0,0.28143901722394754,0.0006794038888404431,0.3674600586892729
is,16,9250.0,0.33381383796721364,0.001608687491462235,0.36644687060858283
is,16,9300.0,0.22843165359434142,0.0005777296790427224,0.36565960649392537
is,16,9350.0,0.32728944713925023,0.001079440898545093,0.36509464228424765
is,16,9400.0,0.2319774138023335,0.0005251697352403674,0.36442931603020956
is,16,9450.0,0.22391593124734918,0.000516986337617083,0.36292455824780445
is,16,9500.0,0.2249543586693208,0.0010349601445674606,0.3628039153773287
is,16,9550.0,0.5416053967130819,0.0006641407595629867,0.36310333996440164
is,16,9600.0,0.33467555372694024,0.0006061886769188897,0.3624622435163004
is,16,9650.0,0.3107544603144166,0.001798321209706657,0.3629675681276552
is,16,9700.0,0.2993182252391166,0.0010303487352786261,0.3618183692402845
is,16,9750.0,0.22492983274522216,0.00020294839101722201,0.361193723720644
is,16,9800.0,0.25497949583637186,0.0002905683444930157,0.3600652994592389
is,16,9850.0,0.3692419939880143,0.0008733408626744768,0.35965891787635773
is,16,9900.0,0.4466118857739074,0.0008899524197463898,0.35955964044035954
is,16,9950.0,0.25819915620177164,0.0005328021778723903,0.3604662847954979
is,16,10000.0,0.2360371372232902,0.00035767762104517886,0.3608639136086391
is,16,10050.0,0.2599318951440519,0.00045981704846987574,0.36046164560740224
is,16,10100.0,0.32505538786400445,0.00024827190773329104,0.35996435996435994
is,16,10150.0,0.2540674822392699,0.0004656819217660335,0.3614422224411388
is,16,10200.0,0.37445169797262384,0.00019164261898970528,0.36094500539162827
is,16,10250.0,0.2866671743726008,0.00024852658791127137,0.3608428446005268
is,16,10300.0,0.27524917616954586,0.0001823970190257691,0.36093583147267255
is,16,10350.0,0.31644553099520456,0.001367849590853575,0.360061829774901
is,16,10400.0,0.25691596069193945,0.0003572918535321096,0.359965387943467
is,16,10450.0,0.4458907652073402,0.0017671533554848105,0.3592000765476988
is,16,10500.0,0.28336627446483403,0.0009680705655935308,0.3592038853442529
is,16,10550.0,0.2700286326817178,0.0002797293088456813,0.3584494360724102
is,16,10600.0,0.3354605040492377,0.000437091980663923,0.35760777285161777
is,16,10650.0,0.3318618934282667,0.001047331114812567,0.3588395455825744
is,16,10700.0,0.32410805361315365,0.0007633572334363235,0.35847117091860575
is,16,10750.0,0.3669506468931307,0.0007217723983754678,0.358199237280253
is,16,10800.0,0.23447853678059244,0.0012949410362444976,0.35857790945282847
is,16,10850.0,0.25749081641752675,0.0013855816094694516,0.35886093447608514
is,16,10900.0,0.2892981557762263,0.0009140837734093821,0.35914136317769013
is,16,10950.0,0.22602299891023556,0.0006004206663444268,0.35878002008948956
is,16,11000.0,0.2576731874732198,0.00037876354122405316,0.3580583583310608
is,16,11050.0,0.2526757357385892,0.0011393315289780252,0.35725273730884083
is,16,11100.0,0.25262365984108204,0.0013818204457029843,0.3572651112512386
is,16,11150.0,0.4258462080618531,0.0006876912857436792,0.3572773742265268
is,16,11200.0,0.2748571593110165,0.0005749771798599425,0.35764663869297386
is,16,11250.0,0.4098776817759345,0.0023089640121616924,0.3581015020887032
is,16,11300.0,0.26954337835432374,6.022398819759884e-05,0.3571365365896823
is,16,11350.0,0.36196794465164406,0.0004193460526290079,0.35714914985463836
is,16,11400.0,0.31626583558620247,0.000511072149889238,0.35733707569511447
is,16,11450.0,0.2629596463648085,0.0001737821066556489,0.3576980176403807
is,16,11500.0,0.29322506705402723,0.00027852157625682877,0.3569254847404574
is,16,11550.0,0.29853298362963004,0.0003874868503537194,0.3566790754047269
is,16,11600.0,0.4041951380192279,0.0016932396615790411,0.3560037927764848
is,16,11650.0,0.25910400812700596,0.0010266742575161633,0.3558492833233199
is,16,11700.0,0.22842039174235376,0.00011814753020454043,0.35501239210323904
is,16,11750.0,0.24923324304368247,0.0003450096113077846,0.3543528210365075
is,16,11800.0,0.252019710238998,0.0014649827194764499,0.3537835776629099
is,16,11850.0,0.2633031216508839,5.278070927263013e-05,0.3529659944308497
is,16,11900.0,0.28382682904241613,0.0008134896033601401,0.3529955465927233
is,16,11950.0,0.3399232635093399,0.0012244690434616726,0.3525228014392101
is,16,12000.0,0.25586650182274223,0.0005491441691325268,0.35222064827931004
is,16,12050.0,0.23990855489558743,0.0001013152691705582,0.35158907974441955
is,16,12100.0,0.22503194677256858,0.000382156745200203,0.35071481695727624
is,16,12150.0,0.5999595755023831,0.0007268296697618483,0.35009464241626204
is,16,12200.0,0.24833750887234082,0.0020730642354045703,0.34964347184656996
is,16,12250.0,0.24022230056512228,0.00021702357184665445,0.34960411394988167
is,16,12300.0,0.30707347784538647,0.0003331838396906029,0.34932119339891066
is,16,12350.0,0.28368999794396343,0.0006325921622572559,0.3487167031009635
is,16,12400.0,0.27804590744689106,9.637315320271413e-05,0.34852028062253043
is,16,12450.0,0.24024634785639432,0.0016540757736357226,0.3482451208738254
snis,16,0.0,29.2473264705177,0.2905094943994697,0.0
snis,16,50.0,0.9566810132709709,0.02181248458609372,0.0196078431372549
snis,16,100.0,0.2852782654355849,0.00950265537415185,0.009900990099009901
snis,16,150.0,0.264922146784186,0.004015167068481609,0.006622516556291391
snis,16,200.0,0.2660331551079589,0.003251681114436268,0.004975124378109453
snis,16,250.0,0.23326157687492954,0.014067142232985367,0.00398406374501992
snis,16,300.0,0.24254717286192293,0.006745832653109027,0.0033222591362126247
snis,16,350.0,0.326526168916576,0.006440388077777983,0.002849002849002849
snis,16,400.0,0.22887545731787332,0.006148856444260434,0.0024937655860349127
snis,16,450.0,0.2347683250438107,0.0018777939015788303,0.0022172949002217295
snis,16,500.0,0.2307450264410635,0.0071876091630933515,0.001996007984031936
snis,16,550.0,0.23623656333103546,0.005047958932736669,0.0018148820326678765
snis,16,600.0,0.25766211391931404,0.03212737576396061,0.0016638935108153079
snis,16,650.0,0.23040042943234557,0.004841351436512415,0.0015360983102918587
snis,16,700.0,0.2333862393602119,0.007437061686358655,0.0014265335235378032
snis,16,750.0,0.22948763451800952,0.021076091879350667,0.0013315579227696406
snis,16,800.0,0.22958350470855254,0.0018250697231555707,0.0012484394506866417
snis,16,850.0,0.25011612557964813,0.011230969760731431,0.0011750881316098707
snis,16,900.0,0.25260111398450596,0.006635265971831891,0.0011098779134295228
snis,16,950.0,0.231942113819991,0.0028488677150113194,0.0010515247108307045
snis,16,1000.0,0.23333369411345098,0.009825862776252412,0.000999000999000999
snis,16,1050.0,0.23691768805363786,0.024064390420274837,0.0009514747859181732
snis,16,1100.0,0.22792849232720683,0.02820632637743722,0.0009082652134423251
snis,16,1150.0,0.227653365744688,0.009746451331504643,0.0008688097306689834
snis,16,1200.0,0.2284844849572259,0.008704525391739456,0.0008326394671107411
snis,16,1250.0,0.23166270666287658,0.014794148718889531,0.0007993605115907274
snis,16,1300.0,0.22675102752342588,0.00631437562543941,0.0007686395080707148
snis,16,1350.0,0.22778490844924934,0.0030211996643877198,0.0007401924500370096
snis,16,1400.0,0.24225655272984103,0.006329300936361871,0.0007137758743754461
snis,16,1450.0,0.24406462345053465,0.008362818789870498,0.0006891798759476223
snis,16,1500.0,0.23391927048370287,0.009740902536722775,0.0006662225183211193
snis,16,1550.0,0.2509280108236574,0.010933037350277343,0.0006447453255963894
snis,16,1600.0,0.22674382470219212,0.005610916288504318,0.0006246096189881324
snis,16,1650.0,0.23036889263086222,0.01603073044405692,0.0006056935190793458
snis,16,1700.0,0.23242887409300617,0.003053574472318761,0.0005878894767783657
snis,16,1750.0,0.22897927564404466,0.004763598261619309,0.0005711022272986865
snis,16,1800.0,0.23159429328543876,0.0011570243068785297,0.000555247084952804
snis,16,1850.0,0.25350072607239776,0.011549746020455236,0.0005402485143165856
snis,16,1900.0,0.22944850087161786,0.00836756995953609,0.0005260389268805891
snis,16,1950.0,0.22989224903848474,0.0060551585097075675,0.0005125576627370579
snis,16,2000.0,0.24938142855162315,0.005099358460673514,0.0004997501249375312
snis,16,2050.0,0.227309427494653,0.019474300069747735,0.00048756704046806434
snis,16,2100.0,0.23939059010699715,0.014450274795906763,0.00047596382674916705
snis,16,2150.0,0.23156878371960207,0.010829771244736427,0.00046490004649000463
snis,16,2200.0,0.3131873770855209,0.014971313670092046,0.00045433893684688776
snis,16,2250.0,0.23393425994541048,0.009036313497120913,0.000444247001332741
snis,16,2300.0,0.22910954599508535,0.00949149839410178,0.000434593654932638
snis,16,2350.0,0.2303598035922218,0.0053441626646344685,0.0004253509145044662
snis,16,2400.0,0.2291624901684684,0.03748243675922269,0.00041649312786339027
snis,16,2450.0,0.247823611692427,0.0032089323271825287,0.0004079967360261118
snis,16,2500.0,0.22874995530235165,0.003963916272184617,0.00039984006397441024
snis,16,2550.0,0.2290065944393865,0.00542417779283987,0.0003920031360250882
snis,16,2600.0,0.311250605361018,0.005029217937066757,0.00038446751249519417
snis,16,2650.0,0.23327270134806805,0.009510527332783797,0.0003772161448509996
snis,16,2700.0,0.22655080636598396,0.015909080455006074,0.00037023324694557573
snis,16,2750.0,0.3312990993070806,0.0073339835272099585,0.0003635041802980734
snis,16,2800.0,0.2276520653867147,0.010414522708283783,0.0003570153516601214
snis,16,2850.0,0.2265945846248964,0.010525894825579654,0.00035075412136092597
snis,16,2900.0,0.2325742143011879,0.010368573925476238,0.0003447087211306446
snis,16,2950.0,0.23914106950191147,0.017654667429908795,0.00033886818027787193
snis,16,3000.0,0.3118489627364806,0.00827930133149193,0.0003332222592469177
snis,16,3050.0,0.23735805979790614,0.00461886853505768,0.00032776138970829236
snis,16,3100.0,0.22963965367889572,0.012248895586817106,0.0003224766204450177
snis,16,3150.0,0.23042528294353248,0.0027905789963392543,0.00031735956839098697
snis,16,3200.0,0.24465293650858339,0.004856565993726528,0.00031240237425804435
snis,16,3250.0,0.2280045739088064,0.004027476056851297,0.00030759766225776686
snis,16,3300.0,0.2545255849012544,0.01390773132233459,0.0003029385034837928
snis,16,3350.0,0.23008610164377352,0.0030099171961170284,0.0002984183825723665
snis,16,3400.0,0.2312384828098501,0.015101039248667118,0.00029403116730373417
snis,16,3450.0,0.22616258971237332,0.002997260106191971,0.0002897710808461316
snis,16,3500.0,0.23541527120636152,0.009280209888374778,0.00028563267637817766
snis,16,3550.0,0.22834399976253963,0.0043652705523495065,0.000281610813855252
snis,16,3600.0,0.23311334037719075,0.007470966821821879,0.00027770063871146905
snis,16,3650.0,0.2383520767119521,0.009313288587369207,0.0002738975623116954
snis,16,3700.0,0.22783490306937687,0.006686171085056206,0.0002701972439881113
snis,16,3750.0,0.240423524678017,0.013504247005855875,0.00026659557451346307
snis,16,3800.0,0.2287123430538531,0.008963736459981875,0.00026308866087871614
snis,16,3850.0,0.22935933251827625,0.01071680521524165,0.00025967281225655674
snis,16,3900.0,0.23578017931434153,0.005764077118962416,0.0002563445270443476
snis,16,3950.0,0.23703528017974276,0.003806422515502726,0.0002531004808909137
snis,16,4000.0,0.23410025256832717,0.03453848387784126,0.00024993751562109475
snis,16,4050.0,0.23201768396819036,0.02450607297866389,0.00024685262898049864
snis,16,4100.0,0.22615715273027523,0.010647657612490468,0.000243842965130456
snis,16,4150.0,0.23416278410962116,0.006305064714665613,0.0002409058058299205
snis,16,4200.0,0.271482648817036,0.00596126493979227,0.00023803856224708403
snis,16,4250.0,0.28272579556915234,0.021862960815677047,0.0002352387673488591
snis,16,4300.0,0.2313908599307955,0.019831609360399224,0.00023250406882120437
snis,16,4350.0,0.2266464166501711,0.011803634391133964,0.00022983222247759135
snis,16,4400.0,0.24843478826297744,0.017569337578634967,0.00022722108611679165
snis,16,4450.0,0.22600038773301526,0.006244609660116355,0.00022466861379465288
snis,16,4500.0,0.3165727475808682,0.008100779166167455,0.00022217285047767163
snis,16,4550.0,0.2420707274292697,0.008067353899826416,0.00021973192704900023
snis,16,4600.0,0.23377883903901228,0.010800317048362703,0.00021734405564007825
snis,16,4650.0,0.22999968413379113,0.005704543990445313,0.00021500752526338422
snis,16,4700.0,0.22650591876446027,0.01736086440491253,0.00021272069772388852
snis,16,4750.0,0.3043282983716324,0.008873908150775392,0.00021048200378867606
snis,16,4800.0,0.27220559656130594,0.011054395394135335,0.00020828993959591752
snis,16,4850.0,0.2260301475577781,0.005962604077365137,0.00020614306328592042
snis,16,4900.0,0.22662216330567486,0.007516222295545635,0.00020403999183840033
snis,16,4950.0,0.2289614441889749,0.0028769235665929904,0.00020197939810139365
snis,16,5000.0,0.24669346813980167,0.004324844368896921,0.0001999600079984003
snis,16,5050.0,0.22541820523805559,0.06715393963525217,0.00019798059790140566
snis,16,5100.0,0.24244880569092264,0.003937888647392013,0.00019603999215840032
snis,16,5150.0,0.22555511195522976,0.012799495415917008,0.00019413706076490002
snis,16,5200.0,0.24181590224952007,0.0025796993811054688,0.00019227071716977504
snis,16,5250.0,0.24233337145721054,0.008258643264729328,0.00019043991620643687
snis,16,5300.0,0.24134160278551217,0.01563713116334414,0.00018864365214110544
snis,16,5350.0,0.22547389561727163,0.028050084886661563,0.00018688095683049897
snis,16,5400.0,0.22629512778844058,0.015192321523053633,0.00018515089798185522
snis,16,5450.0,0.25480215691483926,0.002772049348755286,0.000183452577508714
snis,16,5500.0,0.22658891334690562,0.005966400394251238,0.00018178512997636792
snis,16,5550.0,0.22652933920503163,0.008786913680911036,0.0001801477211313277
snis,16,5600.0,0.22597655111808837,0.015091602370727236,0.00017853954650955185
snis,16,5650.0,0.31277058777813327,0.00968689876374257,0.00017695983011856308
snis,16,5700.0,0.22567479933090942,0.007751531116289811,0.00017540782318891423
snis,16,5750.0,0.2569792096531315,0.004399986732297328,0.0001738828029907842
snis,16,5800.0,0.22882939971074337,0.007177751045059535,0.00017238407171177384
snis,16,5850.0,0.2716737877473353,0.005895964983386166,0.00017091095539224064
snis,16,5900.0,0.23037544894810486,0.005445457360938058,0.0001694628029147602
snis,16,5950.0,0.24496187101327732,0.012900215681562332,0.00016803898504453034
snis,16,6000.0,0.25584722986351816,0.016869134734245908,0.00016663889351774705
snis,16,6050.0,0.2284013798099286,0.0023247295301941453,0.00016526194017517766
snis,16,6100.0,0.23496055355814616,0.011156097368177215,0.00016390755613833797
snis,16,6150.0,0.22848464553249767,0.0051288574906276614,0.00016257519102584944
snis,16,6200.0,0.23077595373302348,0.00519930360324953,0.00016126431220770844
snis,16,6250.0,0.2357477337238183,0.0037531022902642652,0.00015997440409534473
snis,16,6300.0,0.22715067956057744,0.01442977268264247,0.00015870496746548166
snis,16,6350.0,0.22592890812112576,0.025930511058743378,0.0001574555188159345
snis,16,6400.0,0.22645937475974479,0.004278562154964786,0.0001562255897516013
snis,16,6450.0,0.24900586796628651,0.004665466495401476,0.0001550147263990079
snis,16,6500.0,0.2464051849198083,0.0025207429645133445,0.00015382248884786957
snis,16,6550.0,0.22920528736644533,0.009324257321448504,0.00015264845061822624
snis,16,6600.0,0.2302340348756047,0.006767527656309112,0.0001514921981517952
snis,16,6650.0,0.24561558462588742,0.012124670304399565,0.00015035333032626674
snis,16,6700.0,0.23192477990447707,0.012935766945558437,0.00014923145799134458
snis,16,6750.0,0.2424403468888892,0.009678035793211788,0.00014812620352540364
snis,16,6800.0,0.2883260753009323,0.0021093205078047596,0.00014703720041170417
snis,16,6850.0,0.24141652785242312,0.003959345130392445,0.00014596409283316303
snis,16,6900.0,0.2255449463943211,0.00843741720477047,0.00014490653528474135
snis,16,6950.0,0.2363049929495099,0.006937077209121832,0.00014386419220256078
snis,16,7000.0,0.22552068223584376,0.006998333986263264,0.00014283673760891302
snis,16,7050.0,0.22691020666868852,0.008090801535174866,0.00014182385477237272
snis,16,7100.0,0.24244487286198277,0.007646205035688803,0.0001408252358822701
snis,16,7150.0,0.2458910561574235,0.008792349234622965,0.00013984058173682003
snis,16,7200.0,0.26002518309374567,0.016573517303439055,0.00013886960144424384
snis,16,7250.0,0.23063610696030332,0.011008272857385487,0.00013791201213625708
snis,16,7300.0,0.2294534170687273,0.012696150783945646,0.00013696753869332968
snis,16,7350.0,0.24002656245021092,0.011136849364371976,0.00013603591348115902
snis,16,7400.0,0.22669611174425683,0.009378379244217621,0.00013511687609782462
snis,16,7450.0,0.24524537778918498,0.012388088884767752,0.00013421017313112335
snis,16,7500.0,0.24588263167576002,0.006092641030507699,0.0001333155579256099
snis,16,7550.0,0.24469251442981202,0.0012774179499808191,0.00013243279035889287
snis,16,7600.0,0.22675288616179798,0.009622477906582539,0.00013156163662675965
snis,16,7650.0,0.2441477026950071,0.004711454027885278,0.00013070186903672723
snis,16,7700.0,0.22676976814276703,0.002970186716504814,0.0001298532658096351
snis,16,7750.0,0.27496407798990935,0.017177489086835553,0.00012901561088891756
snis,16,7800.0,0.24016747228374913,0.002168689587120407,0.00012818869375721061
snis,16,7850.0,0.22585548177112533,0.0028778775461011496,0.0001273723092599669
snis,16,7900.0,0.22636622827414732,0.006694395058229274,0.00012656625743576763
snis,16,7950.0,0.232163875586841,0.003934864055391951,0.00012577034335303736
snis,16,8000.0,0.230488233040358,0.018665317303236336,0.00012498437695288088
snis,16,8050.0,0.27267847207856233,0.005901482504591893,0.00012420817289777666
snis,16,8100.0,0.25717596703683293,0.0030716420152432627,0.00012344155042587335
snis,16,8150.0,0.22853707867214637,0.011912749573988086,0.000122684333210649
snis,16,8200.0,0.3097754165578192,0.009496943104102071,0.00012193634922570419
snis,16,8250.0,0.23968180710117815,0.003088176283448817,0.00012119743061447097
snis,16,8300.0,0.22497573642108346,0.0031185726701123432,0.00012046741356463077
snis,16,8350.0,0.296004319680486,0.01173887234647753,0.00011974613818704346
snis,16,8400.0,0.2289623948078359,0.006943646041236844,0.00011903344839900012
snis,16,8450.0,0.2697332915760099,0.014708658709845522,0.00011832919181161993
snis,16,8500.0,0.23857054498562544,0.00841924689952193,0.00011763321962122103
snis,16,8550.0,0.22850689486857836,0.00593256278643713,0.0001169453865045024
snis,16,8600.0,0.22520008054131926,0.002342066396907966,0.0001162655505173817
snis,16,8650.0,0.24824865208046307,0.018754587956694737,0.00011559357299734135
snis,16,8700.0,0.22534747552081602,0.003926060470974648,0.00011492931846914148
snis,16,8750.0,0.24151856475749037,0.005855105483138474,0.00011427265455376528
snis,16,8800.0,0.2262510798320714,0.0029229435674675256,0.00011362345188046812
snis,16,8850.0,0.23603962545954338,0.007482496896014406,0.00011298158400180771
snis,16,8900.0,0.24187312731565655,0.010531574851094044,0.00011234692731153803
snis,16,8950.0,0.22492191509219564,0.003060815101964651,0.00011171936096525528
snis,16,9000.0,0.2258345144536568,0.006396891941950311,0.00011109876680368848
snis,16,9050.0,0.23898730116741237,0.004724641426814304,0.00011048502927853276
snis,16,9100.0,0.23769158426512618,0.006269121568666005,0.0001098780353807274
snis,16,9150.0,0.2600555735812154,0.0059161882476771194,0.00010927767457108513
snis,16,9200.0,0.24490437692535727,0.007685311428205279,0.00010868383871318335
snis,16,9250.0,0.22563669631394948,0.016923622774481964,0.00010809642200843153
snis,16,9300.0,0.25923414444915743,0.005989409014622547,0.00010751532093323298
snis,16,9350.0,0.23106506311110478,0.005647018039867075,0.00010694043417816276
snis,16,9400.0,0.22659722971165808,0.005970294115553311,0.00010637166258908626
snis,16,9450.0,0.2297263380454426,0.0055964528602556836,0.00010580890911014708
snis,16,9500.0,0.22824710596233663,0.013416887637756612,0.00010525207872855489
snis,16,9550.0,0.22541532928288205,0.010258571222226068,0.00010470107842110774
snis,16,9600.0,0.23645703632759785,0.00804102263139829,0.00010415581710238516
snis,16,9650.0,0.22848006300241103,0.021935705320310823,0.00010361620557455187
snis,16,9700.0,0.22519003775363222,0.008846140710029784,0.00010308215647871353
snis,16,9750.0,0.22952916022814962,0.002767486742317653,0.00010255358424776946
snis,16,9800.0,0.23291967738394595,0.004058544065753226,0.00010203040506070809
snis,16,9850.0,0.226052656623871,0.012479848169864206,0.00010151253679829459
snis,16,9900.0,0.22534610224120238,0.011110202369545354,0.000100999899000101
snis,16,9950.0,0.2257743767836999,0.0066158956557395955,0.00010049241282283188
snis,16,10000.0,0.22828784025743917,0.0041329419032620825,9.999000099990002e-05
snis,16,10050.0,0.2828378105449668,0.0056909012606734775,9.949258780220874e-05
snis,16,10100.0,0.24253070090253834,0.003379981716804119,9.9000099000099e-05
snis,16,10150.0,0.2528652063272494,0.004975062379838911,9.851246182642104e-05
snis,16,10200.0,0.3199991487959055,0.0022757625909398675,9.802960494069208e-05
snis,16,10250.0,0.24000177511694556,0.002167670645646511,9.7551458394303e-05
snis,16,10300.0,0.22538578203677384,0.0025884199862178207,9.707795359673819e-05
snis,16,10350.0,0.3193583228572182,0.015408992632472555,9.660902328277462e-05
snis,16,10400.0,0.23773964438670508,0.005077677572906263,9.614460148062687e-05
snis,16,10450.0,0.24359607823533436,0.01749218878998629,9.56846234810066e-05
snis,16,10500.0,0.26322018732247715,0.011305565739345439,9.522902580706599e-05
snis,16,10550.0,0.2365618173851389,0.0028274689043022157,9.477774618519572e-05
snis,16,10600.0,0.2449082208826273,0.0046595296678794895,9.433072351664937e-05
snis,16,10650.0,0.24116215295393736,0.012779561965301589,9.388789784996713e-05
snis,16,10700.0,0.24699383520452187,0.004639579842446722,9.344921035417251e-05
snis,16,10750.0,0.2273130355567681,0.006942612156076881,9.301460329271696e-05
snis,16,10800.0,0.23938524118559046,0.014299055927637642,9.258401999814833e-05
snis,16,10850.0,0.23054229428235173,0.01719113104444679,9.21574048474795e-05
snis,16,10900.0,0.23498506014253928,0.01177845837417829,9.173470323823502e-05
snis,16,10950.0,0.23342710859455812,0.006495658278083671,9.131586156515387e-05
snis,16,11000.0,0.23435756535829574,0.004391297866946109,9.09008271975275e-05
snis,16,11050.0,0.26938129835653685,0.008942840216212864,9.04895484571532e-05
snis,16,11100.0,0.2253818952090765,0.01029736049271218,9.008197459688316e-05
snis,16,11150.0,0.22800706671558674,0.004475447301436285,8.96780557797507e-05
snis,16,11200.0,0.22590075530326,0.010501336171489148,8.927774305865548e-05
snis,16,11250.0,0.22805617043090526,0.030036708545175077,8.888098835659053e-05
snis,16,11300.0,0.28277369336690156,0.002327492294507084,8.848774444739404e-05
snis,16,11350.0,0.27837493097424443,0.005364491399176333,8.809796493700995e-05
snis,16,11400.0,0.2258617737318495,0.007102307703605956,8.771160424524164e-05
snis,16,11450.0,0.2264863550180842,0.001587582434783912,8.732861758798358e-05
snis,16,11500.0,0.22491933613904336,0.0019136073658939119,8.694896095991653e-05
snis,16,11550.0,0.2272233991339009,0.005016924025563101,8.657259111765215e-05
snis,16,11600.0,0.23179987960445084,0.021130255845517167,8.61994655633135e-05
snis,16,11650.0,0.2615610389074003,0.012315039211988869,8.582954252853832e-05
snis,16,11700.0,0.2247138570699033,0.0013049219102739787,8.54627809588924e-05
snis,16,11750.0,0.22471994139228274,0.0049414952373965934,8.509914049868096e-05
snis,16,11800.0,0.2592244978897448,0.022337015553495307,8.473858147614608e-05
snis,16,11850.0,0.22517778007154368,0.0006437961396441948,8.43810648890389e-05
snis,16,11900.0,0.23011049122534366,0.008622788699678901,8.402655239055541e-05
snis,16,11950.0,0.22671853556133828,0.019533722864119297,8.367500627562547e-05
snis,16,12000.0,0.2372972486193518,0.005468855826268073,8.332638946754438e-05
snis,16,12050.0,0.3708996499968005,0.0016030144255503287,8.298066550493735e-05
snis,16,12100.0,0.24676689262681833,0.005142670847020357,8.263779852904718e-05
snis,16,12150.0,0.22830072344233668,0.00931274456549335,8.229775327133569e-05
snis,16,12200.0,0.23627274120743033,0.028068251519890966,8.196049504139005e-05
snis,16,12250.0,0.23585433823815657,0.002466498960133204,8.162598971512529e-05
snis,16,12300.0,0.2861468035338389,0.0031038513734965023,8.129420372327454e-05
snis,16,12350.0,0.25943845349497346,0.005248549108551926,8.096510404015869e-05
snis,16,12400.0,0.2266917703173938,0.00112649348651986,8.063865817272801e-05
snis,16,12450.0,0.22499367364942105,0.022608411249322582,8.031483414986748e-05
prior,32,0.0,25.040567479592738,0.11953164856394723,1.0
prior,32,50.0,0.8553152667844649,0.005014337790728966,0.9019607843137255
prior,32,100.0,0.438731484004251,0.003043686569387554,0.8316831683168316
prior,32,150.0,0.23131254626991227,0.0014739160098765432,0.8145695364238411
prior,32,200.0,0.34692157737232976,0.003212109425761254,0.7313432835820896
prior,32,250.0,0.2693965322402312,0.001189409884302345,0.7290836653386454
prior,32,300.0,0.23715809768285903,0.000778210908277998,0.7043189368770764
prior,32,350.0,0.30337264024831406,0.00102288136857299,0.6666666666666666
prior,32,400.0,0.23049951301328075,0.0007870307209805122,0.6359102244389028
prior,32,450.0,0.24187020422855018,0.0020241802868178086,0.6008869179600886
prior,32,500.0,0.25772998760486676,0.0006218809972740928,0.5688622754491018
prior,32,550.0,0.4964759412354819,0.0002986710057449615,0.5263157894736842
prior,32,600.0,0.22648125381290207,0.0004981137805639865,0.5108153078202995
prior,32,650.0,0.24158963739860123,0.0006609372783849412,0.4792626728110599
prior,32,700.0,0.23192374752471903,0.0004835773029113725,0.4479315263908702
prior,32,750.0,0.3248437753558799,0.0002878800620014381,0.4340878828229028
prior,32,800.0,0.24207077705340516,0.000334209754839685,0.4094881398252185
prior,32,850.0,0.22617355059358396,0.0002123789866803771,0.38777908343125733
prior,32,900.0,0.4756940547222171,0.00047472079618686935,0.3662597114317425
prior,32,950.0,0.26184677091553477,0.00027490913612534737,0.3480546792849632
prior,32,1000.0,0.2990158069822374,0.00010890114401329847,0.3306693306693307
prior,32,1050.0,0.2280139582648133,0.00016365958559191938,0.3149381541389153
prior,32,1100.0,0.2937159447024145,0.0004944018607427955,0.3006357856494096
prior,32,1150.0,0.24245897393495192,0.000260265452689658,0.2875760208514335
prior,32,1200.0,0.3207306558507734,0.0005251623707708637,0.2756036636136553
prior,32,1250.0,0.2503252335739125,0.0003898521542864959,0.26458832933653076
prior,32,1300.0,0.2523030722964783,0.00013727094851748614,0.2544196771714066
prior,32,1350.0,0.2519141094168929,0.00023840153021083908,0.2450037009622502
prior,32,1400.0,0.25511348501507797,0.00028366509519174663,0.23768736616702354
prior,32,1450.0,0.30793720662141877,0.00027332253864908947,0.22949689869055823
prior,32,1500.0,0.2608165323313682,0.0005283401978633484,0.22185209860093272
prior,32,1550.0,0.42839441748690693,0.0006291506092357409,0.21470019342359767
prior,32,1600.0,0.29120301338021215,0.0002800829201473706,0.20799500312304808
prior,32,1650.0,0.2896667809724747,0.0004505297833472567,0.20169594185342216
prior,32,1700.0,0.29317309201295993,6.617869393234047e-05,0.19635508524397413
prior,32,1750.0,0.26132250510462746,0.00019314341406689867,0.19131924614505996
prior,32,1800.0,0.29375987621818184,0.0003252786549261627,0.18600777345918934
prior,32,1850.0,0.24102990292108403,0.00043731132233800277,0.1809832522960562
prior,32,1900.0,0.27266082409672987,0.00010656868664454188,0.17622304050499737
prior,32,1950.0,0.26392933442040895,0.00039824063031630215,0.1717068170169144
prior,32,2000.0,0.23785060916625672,0.0005459035446529477,0.1679160419790105
prior,32,2050.0,0.26094081287041926,0.0005109506233962747,0.16382252559726962
prior,32,2100.0,0.22675591448890525,0.00018106051124243763,0.15992384578772012
prior,32,2150.0,0.23677680625276498,0.00043314982662557015,0.15667131566713158
prior,32,2200.0,0.2332732300773564,0.00023936069095026484,0.1531122217174012
prior,32,2250.0,0.321928800429047,0.0004228771153331413,0.14971123944913373
prior,32,2300.0,0.32388273952414154,0.00025057087125368035,0.14689265536723164
prior,32,2350.0,0.2307571506207449,0.00037856715697505,0.14376860910250958
prior,32,2400.0,0.2413116800932146,0.00039987330178459457,0.1407746772178259
prior,32,2450.0,0.2750891584185481,0.0005020078877072618,0.1379028967768258
prior,32,2500.0,0.23531231352540122,0.0007068761812017666,0.13514594162335067
prior,32,2550.0,0.24689080295885033,0.0005058157675138142,0.13249705997647981
prior,32,2600.0,0.22807645797979234,0.00027041562772690987,0.12995001922337562
prior,32,2650.0,0.2316906224012387,0.00035809462143498864,0.12749905695963787
prior,32,2700.0,0.3558687834570657,0.0003968532357807124,0.1251388374676046
prior,32,2750.0,0.24469884874784537,0.00013638880479451438,0.12286441294074882
prior,32,2800.0,0.25172050828293707,0.00012743617058642376,0.12067118886112103
prior,32,2850.0,0.24896379431742255,0.0001765288664458369,0.11855489301999299
prior,32,2900.0,0.36435612592013594,0.0009111763387966819,0.11651154774215787
prior,32,2950.0,0.3445610936091772,0.0004931849767034872,0.1145374449339207
prior,32,3000.0,0.25339552707648133,0.0002460409399731023,0.11296234588470509
prior,32,3050.0,0.29716985944729024,0.0007294145685873656,0.1111111111111111
prior,32,3100.0,0.2723379101760266,0.00031261393003238574,0.10931957433086101
prior,32,3150.0,0.2515638323689158,0.0002484377583643902,0.10758489368454459
prior,32,3200.0,0.2442858268777186,0.0005878096313097215,0.10590440487347703
prior,32,3250.0,0.2340317057574463,0.0002188020529091695,0.10427560750538296
prior,32,3300.0,0.2537476066064522,8.450605851898945e-05,0.10269615268100575
prior,32,3350.0,0.23808285474423274,0.00033002493448766823,0.10116383169203223
prior,32,3400.0,0.22885349115228593,0.0002792539887473075,0.09967656571596589
prior,32,3450.0,0.24438491838498647,0.0003189882477067795,0.0982323964068386
prior,32,3500.0,0.26247238731521305,0.00021568656581993583,0.09682947729220223
prior,32,3550.0,0.23614485781690991,0.0003364988641995669,0.09546606589693044
prior,32,3600.0,0.27798318582826753,0.0004199195381573289,0.094140516523188
prior,32,3650.0,0.2381682568811908,0.0001358170215016907,0.09285127362366474
prior,32,3700.0,0.28303154439544076,0.00028272371457097614,0.09159686571196973
prior,32,3750.0,0.24564270126409252,0.0003212217220609138,0.09037589976006398
prior,32,3800.0,0.23464207007984939,0.0003665361916878772,0.08918705603788477
prior,32,3850.0,0.2722157342337615,0.00022559950614437825,0.08802908335497274
prior,32,3900.0,0.24538382963689426,0.00012546322140382686,0.08690079466803384
prior,32,3950.0,0.2607777156055127,0.0004439472224982466,0.08580106302201974
prior,32,4000.0,0.34171456798996724,0.0002301248836210391,0.08472881779555111
prior,32,4050.0,0.25735468689853047,0.0003188909910356509,0.08368304122438903
prior,32,4100.0,0.22941254341598327,0.00036608051446227683,0.08266276517922458
prior,32,4150.0,0.2335235691160363,0.0005024109627227986,0.08166706817634305
prior,32,4200.0,0.3172404330974084,0.0001959839111073358,0.08069507260176148
prior,32,4250.0,0.27698500200522064,0.0004707648958416093,0.07974594213126324
prior,32,4300.0,0.22641460989308623,0.0004402215123980613,0.07905138339920949
prior,32,4350.0,0.22720234438686865,0.00021083745692128774,0.07814295564238107
prior,32,4400.0,0.245699469928038,0.00048808167015737774,0.07725516927970916
prior,32,4450.0,0.23945334187005052,0.00034694732191749365,0.07638732869018199
prior,32,4500.0,0.2644664693386307,0.0006412682720651337,0.07553876916240836
prior,32,4550.0,0.25551818555627837,0.0004653417264560643,0.07492858712370908
prior,32,4600.0,0.22757906294834818,0.00040202061133805646,0.07411432297326669
prior,32,4650.0,0.27720916444884736,0.00026731735324748854,0.07331756611481402
prior,32,4700.0,0.25692130719483025,0.0005170276890910983,0.072537757923846
prior,32,4750.0,0.2586683881189382,0.0002492127825947887,0.07177436329193854
prior,32,4800.0,0.22652431815648832,0.0003930286068762044,0.07102686940220787
prior,32,4850.0,0.243433900356565,0.00026494069962893646,0.07029478458049887
prior,32,4900.0,0.27339194157527136,0.0006758137158925435,0.0697816772087329
prior,32,4950.0,0.28416561813221036,0.00040948091185921947,0.06907695415067663
prior,32,5000.0,0.33993064661554034,0.00035904463921428246,0.0683863227354529
prior,32,5050.0,0.22777288423227315,0.00020696618581214212,0.06770936448228074
prior,32,5100.0,0.24497815654385074,0.0002849870424869627,0.0670456773181729
prior,32,5150.0,0.3249384226631994,0.0002698797754984936,0.06639487478159581
prior,32,5200.0,0.248123506811954,0.00028779435991750077,0.06575658527206306
prior,32,5250.0,0.2714318133246316,0.00011647346447904371,0.06513045134260141
prior,32,5300.0,0.2464052226963696,0.0005862325716900993,0.06451612903225806
prior,32,5350.0,0.2316596728515516,0.00021638733986159355,0.06391328723603065
prior,32,5400.0,0.32305694279277813,0.0003863569209840078,0.06332160710979448
prior,32,5450.0,0.22579042348389106,0.0004338319912774479,0.06274078150798018
prior,32,5500.0,0.2437485706445546,0.00028994294841549816,0.06217051445191783
prior,32,5550.0,0.2729613298397786,0.00034231573020854927,0.06161052062691407
prior,32,5600.0,0.2465055386709017,0.0004049254291565434,0.06106052490626674
prior,32,5650.0,0.2609687739650352,0.00016464809072647466,0.06052026190054857
prior,32,5700.0,0.23665544171379913,0.00011391508800092268,0.05998947553060867
prior,32,5750.0,0.23336661726864402,0.00035578186002257166,0.0594679186228482
prior,32,5800.0,0.2439576881754976,0.00035724033359605913,0.05912773659713842
prior,32,5850.0,0.23321499837745677,0.00022121424611373932,0.05862245769953854
prior,32,5900.0,0.24615640968978098,0.00030738714957548026,0.05812574139976275
prior,32,5950.0,0.2766886362108736,0.0006204140722351386,0.0576373718702739
prior,32,6000.0,0.37089954621890625,0.0004542073743252065,0.05715714047658724
prior,32,6050.0,0.22505704086170336,0.0003162201536851394,0.056684845480085934
prior,32,6100.0,0.23283742360739526,0.0008103199753177854,0.05622029175544992
prior,32,6150.0,0.24210917325309966,0.00020068233068584594,0.05576329052186636
prior,32,6200.0,0.263561638083791,0.00015760424100832275,0.05531365908724399
is,32,0.0,25.06486138411308,0.3934401038401394,1.0
is,32,50.0,0.7930912779687187,0.008670719872756586,1.0
is,32,100.0,0.4853660538488493,0.009685412251305378,0.9801980198019802
is,32,150.0,0.2298191208401688,0.003566658865663022,0.9735099337748344
is,32,200.0,0.2851584474602229,0.00254559449796705,0.9701492537313433
is,32,250.0,0.2603770563801369,0.005925998517297794,0.9681274900398407
is,32,300.0,0.3371489521171235,0.012964204864161059,0.973421926910299
is,32,350.0,0.3160061563279909,0.0032118150352359,0.9658119658119658
is,32,400.0,0.5202983042630394,0.006502919891341873,0.9600997506234414
is,32,450.0,0.25007966491481676,0.0008149350478030392,0.9512195121951219
is,32,500.0,0.9929416771297978,0.003390280669450582,0.9321357285429142
is,32,550.0,0.2267305307841844,0.001067913532315787,0.925589836660617
is,32,600.0,0.2430959591575857,0.0019041712750998458,0.9184692179700499
is,32,650.0,0.34005934137279176,0.0003171477120414196,0.9155145929339478
is,32,700.0,0.22881428323302935,0.0002901093987346972,0.9044222539229672
is,32,750.0,0.23114038855116376,0.0006000047268017088,0.877496671105193
is,32,800.0,0.3252957811499535,0.00058788761949125,0.8751560549313359
is,32,850.0,0.33305870688467315,0.001581181200876101,0.8566392479435958
is,32,900.0,0.276833107675706,0.0004471792390917276,0.8446170921198668
is,32,950.0,0.7840424356341312,0.0017108956772692893,0.8422712933753943
is,32,1000.0,0.413062928351129,0.0020521101275587277,0.8311688311688312
is,32,1050.0,0.2412787299927931,0.0004093648507686475,0.8287345385347288
is,32,1100.0,0.25541273476683474,0.0009498064809221616,0.8283378746594006
is,32,1150.0,0.4653752800816957,0.006035054087551417,0.8236316246741964
is,32,1200.0,0.2528658505184672,0.0005828470307116577,0.8176519567027477
is,32,1250.0,0.3137260655188479,0.002319684205913277,0.8177458033573142
is,32,1300.0,0.28895443961059525,0.0010244623497738202,0.8101460415065335
is,32,1350.0,0.23415431022015656,0.00037564747947230366,0.8090303478904515
is,32,1400.0,0.38087128061333053,0.0007169564882021057,0.8022840827980015
is,32,1450.0,0.25626441293557956,0.0026893379907861055,0.80289455547898
is,32,1500.0,0.2961389417477584,0.0023110270040515453,0.8014656895403065
is,32,1550.0,0.2978815769056715,0.0006243152721188824,0.8001289490651193
is,32,1600.0,0.2445659890169521,0.0003472392161779679,0.7957526545908807
is,32,1650.0,0.2705228160633206,0.0010814720005986333,0.791641429436705
is,32,1700.0,0.26610186623063486,0.0037941207957626765,0.7860082304526749
is,32,1750.0,0.3660108659526835,0.0027909575548560888,0.7852655625356939
is,32,1800.0,0.36596841881557085,0.001383917205969492,0.7834536368684064
is,32,1850.0,0.27613838309683847,0.0005648923309719804,0.7839005942733658
is,32,1900.0,0.6807453225077909,0.001423483108331678,0.784850078905839
is,32,1950.0,0.3044768896685752,0.0009142229593498545,0.7883136852895951
is,32,2000.0,0.3331534280110799,0.00030919692639423425,0.7866066966516742
is,32,2050.0,0.24445989974761148,0.0012027875743366083,0.7859580692345197
is,32,2100.0,0.23613615324685827,0.00038162178185215676,0.780580675868634
is,32,2150.0,0.3829088395954489,0.002462429275008142,0.7787075778707578
is,32,2200.0,0.49255953378566536,0.0004059993246789533,0.781462971376647
is,32,2250.0,0.247832081173465,0.0021043154722244265,0.7747667703243003
is,32,2300.0,0.3982836097078676,0.0013254808424572441,0.7735767057800956
is,32,2350.0,0.25401094666908697,0.001236587092545859,0.7720119098256061
is,32,2400.0,0.5169626438189451,0.0004292684477144678,0.7717617659308621
is,32,2450.0,0.23351301739887276,0.0005986562438230838,0.7715218278253774
is,32,2500.0,0.26876822660183985,0.0004986296815710733,0.7712914834066373
is,32,2550.0,0.2551077343002549,0.0015014087312182893,0.7710701685613485
is,32,2600.0,0.2955786376834193,0.00022361876393965242,0.7693194925028836
is,32,2650.0,0.5038473417601522,0.0012566047808382972,0.7649943417578272
is,32,2700.0,0.2623723800773151,0.001455874602788255,0.7630507219548316
is,32,2750.0,0.5167798726978338,0.0015690258428487796,0.762631770265358
is,32,2800.0,0.40276060475803505,0.0014782987708228895,0.7650838986076401
is,32,2850.0,0.23280747403729743,0.0028120056309361764,0.7600841809891267
is,32,2900.0,0.24174607544694815,0.0011704950289668167,0.7562909341606343
is,32,2950.0,0.2518972868468094,0.0003382959570899733,0.7499152829549305
is,32,3000.0,0.25157167363269994,0.000583405193012699,0.7447517494168611
is,32,3050.0,0.273710224663153,0.0009744534110828002,0.744346116027532
is,32,3100.0,0.4370371888915669,0.000859967369175871,0.744920993227991
is,32,3150.0,0.24966389614496176,0.0008489694957908063,0.7413519517613456
is,32,3200.0,0.297684826047364,0.0015681058776520467,0.7397688222430491
is,32,3250.0,0.3200130280088231,0.0007483430379596088,0.7382343894186404
is,32,3300.0,0.3083530186382156,0.0014277490847939328,0.7358376249621327
is,32,3350.0,0.3381375105861578,0.0002819868121652382,0.7347060578931662
is,32,3400.0,0.2616348631927168,0.0003171615711280599,0.7362540429285505
is,32,3450.0,0.31953509763301347,0.0008293057637421722,0.7351492321066357
is,32,3500.0,0.40345828586064536,0.0014640110978073626,0.731505284204513
is,32,3550.0,0.31998243503907475,0.0018298166261560046,0.7324697268375105
is,32,3600.0,0.35757286758220164,0.000996757977102909,0.7325742849208553
is,32,3650.0,0.27104212977789277,0.0011094013586995903,0.7299370035606683
is,32,3700.0,0.26481827990421697,0.0017364559367158098,0.7298027560118887
is,32,3750.0,0.47652256458903614,0.002198526469910144,0.7286057051452945
is,32,3800.0,0.24584758597670037,0.0004816971416983525,0.7282294133122862
is,32,3850.0,0.26569481924755345,0.00017543376187334071,0.7250064918203064
is,32,3900.0,0.2615567120835729,0.0006281497849464148,0.7246859779543706
is,32,3950.0,0.23747199391053686,0.0009815603904526162,0.7231080739053404
is,32,4000.0,0.2375980893612843,0.00043083099734565365,0.7210697325668582
is,32,4050.0,0.24902660106208885,0.0010096455063302037,0.7171068871883486
is,32,4100.0,0.30898050419240586,0.0004399782963305407,0.7164106315532797
is,32,4150.0,0.2708164612752445,0.0008679560144268315,0.7174174897615032
is,32,4200.0,0.23817046662181385,0.0017595393830013273,0.7181623422994525
is,32,4250.0,0.34492836450764547,0.0006891164470685507,0.717948717948718
is,32,4300.0,0.24495001783551582,0.000861403830132809,0.7158800279004882
is,32,4350.0,0.2313831959508776,0.00039035679906625984,0.714318547460354
is,32,4400.0,0.22921829565584578,0.0011038971194558547,0.712110883890025
is,32,4450.0,0.3200710088771086,0.0006423805978067486,0.7106268254324871
is,32,4500.0,0.44701739313315775,0.0011306647033832444,0.7100644301266386
is,32,4550.0,0.38680457068990837,0.0005385669306213067,0.7108327840035157
is,32,4600.0,0.2245095565064741,0.0003834480496731621,0.7091936535535753
is,32,4650.0,0.23076300658663446,0.000412889277100396,0.7069447430660073
is,32,4700.0,0.319683185191688,0.0015561972099863678,0.70623271644331
is,32,4750.0,0.2860706657696929,0.0010056481388683112,0.7065880867185855
is,32,4800.0,0.23520521750863224,0.00044127538734107076,0.7069360549885441
is,32,4850.0,0.3198700633477499,0.0013121982463028753,0.7085137085137085
is,32,4900.0,0.23124269974147837,0.0008856543231142019,0.707406651703734
is,32,4950.0,0.3335891628412748,0.0006238579554886447,0.706523934558675
is,32,5000.0,0.4540459294810443,0.0004929831867181644,0.7074585082983403
is,32,5050.0,0.3563020640196622,0.0005630803170496491,0.7085725598891308
is,32,5100.0,0.2722430778323425,0.0005879927945474146,0.7073122917075083
is,32,5150.0,0.2995642890548398,0.003760040748276401,0.704911667637352
is,32,5200.0,0.34585041478966966,0.0010679532973909742,0.7044799077100558
is,32,5250.0,0.2316953892712641,0.00014145765352142903,0.7046276899638164
is,32,5300.0,0.2925723328028442,0.0003514100488065474,0.7053386153555933
is,32,5350.0,0.2984231404806486,0.0005519670754622621,0.7043543262941506
is,32,5400.0,0.3134705021093813,0.0007795749054764843,0.7041288650249954
is,32,5450.0,0.24985585418165598,0.0008494290680177299,0.7033571821684095
is,32,5500.0,0.6775093785347074,0.0005788103122766282,0.7038720232684966
is,32,5550.0,0.25442997236641063,0.0007740047026671278,0.7041974419023599
is,32,5600.0,0.30664432663697283,0.0010626376861538383,0.7038028923406534
is,32,5650.0,0.24767556722054426,0.0006221938601911089,0.7034153247212883
is,32,5700.0,0.2350092054593688,0.0003860239241841499,0.7026837396947904
is,32,5750.0,0.25557302717475183,0.00028635835152360136,0.7024865240827682
is,32,5800.0,0.24094053830355144,0.0008366382400435068,0.7017755559386313
is,32,5850.0,0.3670338405301668,0.000599978813359165,0.7012476499743634
is,32,5900.0,0.281127113819219,0.0003564590921558514,0.7015760040671073
is,32,5950.0,0.34271171477667556,0.0011556514508145196,0.7025709964711813
is,32,6000.0,0.33879492152764235,0.0007295090427151196,0.703549408431928
is,32,6050.0,0.5001261364261087,0.0023171604617322167,0.7051726987274831
is,32,6100.0,0.26030975466320816,0.0012155733173956045,0.7062776594000983
is,32,6150.0,0.2662902814897831,0.0009513004827620124,0.7047634530970573
is,32,6200.0,0.2801930903714256,0.0004156249442817742,0.7037574584744396
snis,32,0.0,27.28676491282318,0.41501383266721675,0.0
snis,32,50.0,0.4007143236104533,0.018547718561710808,0.0
snis,32,100.0,0.30145680033394573,0.015293328116376376,0.0
snis,32,150.0,0.24273156271672122,0.006908160343210445,0.0
snis,32,200.0,0.23228697444728247,0.004295433894119665,0.0
snis,32,250.0,0.23474145305628993,0.007493634383513973,0.0
snis,32,300.0,0.2279063026607662,0.025848112245575424,0.0
snis,32,350.0,0.24084424288947534,0.007898716281031594,0.0
snis,32,400.0,0.2300166642240298,0.011566936732354528,0.0
snis,32,450.0,0.2433372202112044,0.003491761380169052,0.0
snis,32,500.0,0.22866477968988647,0.015932232535460104,0.0
snis,32,550.0,0.23807943995100786,0.008794630010733185,0.0
snis,32,600.0,0.22865721807071684,0.01581386183921298,0.0
snis,32,650.0,0.2275385752841188,0.0018835857438031956,0.0
snis,32,700.0,0.22849238417937595,0.002316482929607185,0.0
snis,32,750.0,0.2647962741575784,0.0035427312065687334,0.0
snis,32,800.0,0.226809324756965,0.0024591149395915817,0.0
snis,32,850.0,0.23636796827290743,0.014886169737293427,0.0
snis,32,900.0,0.22989549265535197,0.003940020252826581,0.0
snis,32,950.0,0.2287599256346622,0.00669327905336876,0.0
snis,32,1000.0,0.26176814216132127,0.013253079828095279,0.0
snis,32,1050.0,0.22760225461721567,0.005588483044117569,0.0
snis,32,1100.0,0.231895620772805,0.0077003152594757925,0.0
snis,32,1150.0,0.2300817262983611,0.041712321957040464,0.0
snis,32,1200.0,0.22764303929925006,0.006069918476372532,0.0
snis,32,1250.0,0.237964878631543,0.013987858091940062,0.0
snis,32,1300.0,0.230402176582528,0.00938503744864694,0.0
snis,32,1350.0,0.2269024235751844,0.0042888712661191255,0.0
snis,32,1400.0,0.22897723354517835,0.012664679547981506,0.0
snis,32,1450.0,0.22782293266367476,0.025593614329576988,0.0
snis,32,1500.0,0.22700499785744932,0.018365045853478642,0.0
snis,32,1550.0,0.2560300209044028,0.006438205926492582,0.0
snis,32,1600.0,0.22748373116111364,0.0017883013768506463,0.0
snis,32,1650.0,0.22730561538612692,0.007928134156773299,0.0
snis,32,1700.0,0.22899090466313485,0.03793780122038584,0.0
snis,32,1750.0,0.22715132461628168,0.026079403547615763,0.0
snis,32,1800.0,0.23397822547735692,0.010529126926967048,0.0
snis,32,1850.0,0.22721777224244882,0.004801985444779044,0.0
snis,32,1900.0,0.22642252159765097,0.002899223474841772,0.0
snis,32,1950.0,0.22770378335543986,0.005025087441368302,0.0
snis,32,2000.0,0.2291539528285738,0.0030736096462565124,0.0
snis,32,2050.0,0.23109477876086817,0.011787701361414655,0.0
snis,32,2100.0,0.23430184202254872,0.0036215058623010176,0.0
snis,32,2150.0,0.23040742039031148,0.020200639480028763,0.0
snis,32,2200.0,0.22615809408909676,0.0028413639710663558,0.0
snis,32,2250.0,0.2270533887735907,0.013663703146686931,0.0
snis,32,2300.0,0.22635034276379085,0.005508565667682929,0.0
snis,32,2350.0,0.22720093581461004,0.0140959780573351,0.0
snis,32,2400.0,0.22826926200108685,0.005893852214707559,0.0
snis,32,2450.0,0.22996109299590778,0.006896926374023939,0.0
snis,32,2500.0,0.24549026234450258,0.005252843631144537,0.0
snis,32,2550.0,0.2366281184077222,0.013582410158309594,0.0
snis,32,2600.0,0.23355038554223517,0.0023098388056613356,0.0
snis,32,2650.0,0.22633913069543632,0.017607369362022667,0.0
snis,32,2700.0,0.22993448215989912,0.016116143033608338,0.0
snis,32,2750.0,0.22938939047512316,0.012375776053450343,0.0
snis,32,2800.0,0.22631920988580279,0.00856978129181681,0.0
snis,32,2850.0,0.22669797880474443,0.028923685484528932,0.0
snis,32,2900.0,0.2272902585061072,0.00976621159320105,0.0
snis,32,2950.0,0.27882056489332374,0.005625338998066312,0.0
snis,32,3000.0,0.26167487672695766,0.0055586447844391765,0.0
snis,32,3050.0,0.22821275058398632,0.008394619364433193,0.0
snis,32,3100.0,0.22679673553454133,0.010862348663823638,0.0
snis,32,3150.0,0.22642809718791057,0.00767717188749236,0.0
snis,32,3200.0,0.23111340457458146,0.015274914733603916,0.0
snis,32,3250.0,0.23096880182966772,0.009809341580958843,0.0
snis,32,3300.0,0.22624920102253432,0.014715090117843454,0.0
snis,32,3350.0,0.2276615592823612,0.0026838286318160236,0.0
snis,32,3400.0,0.25575256242615046,0.003679518704315052,0.0
snis,32,3450.0,0.22679022542733884,0.008153235878630037,0.0
snis,32,3500.0,0.2303684887537862,0.010020787648885282,0.0
snis,32,3550.0,0.2257989582871106,0.014168259934337553,0.0
snis,32,3600.0,0.22721903530353682,0.01151009608417267,0.0
snis,32,3650.0,0.22982263568248432,0.008483842798909399,0.0
snis,32,3700.0,0.2259341209003839,0.01625099831634743,0.0
snis,32,3750.0,0.23356745940041543,0.024897591870930057,0.0
snis,32,3800.0,0.22580591561511512,0.005228014122994377,0.0
snis,32,3850.0,0.22956716508958802,0.0015044693679263964,0.0
snis,32,3900.0,0.2565335050302898,0.00859459855248843,0.0
snis,32,3950.0,0.23854184471847475,0.006985422883995391,0.0
snis,32,4000.0,0.23166171357585733,0.0052898410011294646,0.0
snis,32,4050.0,0.2295810509747427,0.011990930322813067,0.0
snis,32,4100.0,0.23526746326177403,0.005376268952829207,0.0
snis,32,4150.0,0.2259494799578359,0.012254071825058128,0.0
snis,32,4200.0,0.23154504661696262,0.022351527995395793,0.0
snis,32,4250.0,0.2255541973561508,0.006304283728729797,0.0
snis,32,4300.0,0.2322320971881265,0.009004288541999427,0.0
snis,32,4350.0,0.23743932222462957,0.004637038588533755,0.0
snis,32,4400.0,0.2261502760341924,0.01335076812794219,0.0
snis,32,4450.0,0.23373341444243806,0.005663762676993871,0.0
snis,32,4500.0,0.2293324485144977,0.005948398482814979,0.0
snis,32,4550.0,0.22696298029607775,0.003884155454850185,0.0
snis,32,4600.0,0.22842953933869153,0.003910526350133515,0.0
snis,32,4650.0,0.22912321422212426,0.00432348771198642,0.0
snis,32,4700.0,0.22590229518876948,0.020864651260037587,0.0
snis,32,4750.0,0.22819245137814814,0.012327894275404622,0.0
snis,32,4800.0,0.22561485355848104,0.005136740476644773,0.0
snis,32,4850.0,0.24105641725856167,0.016698755651745258,0.0
snis,32,4900.0,0.2365029371834168,0.011186040896693755,0.0
snis,32,4950.0,0.23427869853802216,0.009233933255546363,0.0
snis,32,5000.0,0.22585075708895336,0.006491295717536398,0.0
snis,32,5050.0,0.23049593817017883,0.00596068311760805,0.0
snis,32,5100.0,0.2334279063530073,0.007099904740091591,0.0
snis,32,5150.0,0.22850824183044488,0.045718239008114316,0.0
snis,32,5200.0,0.2446851295761084,0.01199446739171535,0.0
snis,32,5250.0,0.23067830940393297,0.000717680740418992,0.0
snis,32,5300.0,0.2255007981795255,0.004779982708925107,0.0
snis,32,5350.0,0.24146786654531488,0.00513011007832287,0.0
snis,32,5400.0,0.2260002179878969,0.00803169789317683,0.0
snis,32,5450.0,0.23024698565670668,0.01401698480167038,0.0
snis,32,5500.0,0.2267757157985689,0.00516843248281154,0.0
snis,32,5550.0,0.23640466631824772,0.0071464428754887165,0.0
snis,32,5600.0,0.22896788073324206,0.009510072148603693,0.0
snis,32,5650.0,0.23756432646365447,0.0068755694957734845,0.0
snis,32,5700.0,0.24435777716984688,0.004229861486566493,0.0
snis,32,5750.0,0.22767403492537916,0.0037010895750420564,0.0
snis,32,5800.0,0.22916345053449566,0.00923933837767723,0.0
snis,32,5850.0,0.22557018447302796,0.00946089563804675,0.0
snis,32,5900.0,0.23152941800111607,0.004450468539381698,0.0
snis,32,5950.0,0.23058997634130524,0.01570750585321394,0.0
snis,32,6000.0,0.22555036629489228,0.009037306971951809,0.0
snis,32,6050.0,0.22783242766777573,0.04015319223821561,0.0
snis,32,6100.0,0.2267778262883981,0.014545009328611733,0.0
snis,32,6150.0,0.22648708489564895,0.008067461687389066,0.0
snis,32,6200.0,0.22563645698129603,0.0040950334510403774,0.0
prior,64,0.0,25.030602690626395,0.15459604420583994,1.0
prior,64,50.0,0.9000219439440239,0.0026329462046678596,1.0
prior,64,100.0,1.6692665785494751,0.006195642009856037,1.0
prior,64,150.0,0.2323685284593872,0.001299440194220422,1.0
prior,64,200.0,0.3281906234925434,0.0010257476404806523,0.9651741293532339
prior,64,250.0,0.4206275258403006,0.001702916470796201,0.9203187250996016
prior,64,300.0,0.2442938772873939,0.0005294499346395937,0.9069767441860465
prior,64,350.0,0.27472587876275484,0.0006194255840501971,0.8774928774928775
prior,64,400.0,0.6304914905099938,0.00041795500647089827,0.8478802992518704
prior,64,450.0,0.27457337183863795,0.0007331303942680489,0.8226164079822617
prior,64,500.0,0.2516464000373339,0.0005174199898946804,0.7724550898203593
prior,64,550.0,0.3114738921456934,0.0005199186356388786,0.7223230490018149
prior,64,600.0,0.2696857332190584,0.00016639839526841644,0.6722129783693843
prior,64,650.0,0.2388145282611774,0.0003365467650593476,0.631336405529954
prior,64,700.0,0.24494491045352132,0.00024228230221895556,0.5905848787446505
prior,64,750.0,0.23218894246459867,0.0007140672735502391,0.5579227696404794
prior,64,800.0,0.23956214447054316,0.00037677497828340943,0.5318352059925093
prior,64,850.0,0.24580772020502825,0.0005732398617668033,0.5041128084606346
prior,64,900.0,0.24929129564362654,0.00025171409884134076,0.47835738068812433
prior,64,950.0,0.312695126339094,0.00030407699909702096,0.45425867507886436
prior,64,1000.0,0.2706038737707173,0.0001922604846403199,0.43656343656343655
prior,64,1050.0,0.254338946161976,0.00023202901304679148,0.4167459562321599
prior,64,1100.0,0.24241773488912566,0.00015266904202470796,0.3996366939146231
prior,64,1150.0,0.2851409791287903,0.0004483469811330718,0.3848827106863597
prior,64,1200.0,0.2772919748870553,0.0003141187455420525,0.37218984179850123
prior,64,1250.0,0.2748112363822447,0.0003157688257106662,0.3669064748201439
prior,64,1300.0,0.2714733901684012,0.0005705713380749863,0.3566487317448117
prior,64,1350.0,0.2420171873890087,0.0001579180666343969,0.35011102886750556
prior,64,1400.0,0.2702470764049286,0.00038479058567998,0.3397573162027123
prior,64,1450.0,0.28625201028747577,0.0005878802459160618,0.3328738800827016
prior,64,1500.0,0.2501982456192603,0.0002517360962474338,0.32378414390406396
prior,64,1550.0,0.2728770564260709,0.00038137422380326403,0.3159252095422308
prior,64,1600.0,0.24884481857549656,0.00046921869043881683,0.3141786383510306
prior,64,1650.0,0.23084374952661146,0.0004147190046241823,0.30708661417322836
prior,64,1700.0,0.23261205900673923,0.0002937068903560995,0.2986478542034098
prior,64,1750.0,0.33929567782444103,0.00015585010160852869,0.29354654483152487
prior,64,1800.0,0.28496915052803096,0.0005287022531013127,0.2870627429205997
prior,64,1850.0,0.22973751074349522,0.0003813991781119149,0.28363047001620745
prior,64,1900.0,0.3100243565816198,0.00010411296775432262,0.2788006312467123
prior,64,1950.0,0.2662737619555727,0.00021826199066126266,0.274218349564326
prior,64,2000.0,0.29856786432196375,0.0006653423421610782,0.2708645677161419
prior,64,2050.0,0.23508490771044926,0.00014935487750081478,0.26767430521696733
prior,64,2100.0,0.23586328328405273,0.0003277843675143181,0.2632079961922894
prior,64,2150.0,0.23251691906960575,0.0005494131972760606,0.2584844258484426
prior,64,2200.0,0.2637826607004035,0.00019788879347832418,0.25533848250795094
prior,64,2250.0,0.24770848715977287,0.00021963114826183082,0.25277654375832964
prior,64,2300.0,0.24436776832321108,0.0002951970117058079,0.24858757062146894
prior,64,2350.0,0.2435057783892816,0.0005438183627658261,0.24627817949808592
prior,64,2400.0,0.2751263687032153,0.00036568711868281565,0.24114952103290296
prior,64,2450.0,0.2386767436370436,0.00023523421214843805,0.23908608731130152
prior,64,2500.0,0.2652195758911948,0.00034945301816100824,0.2343062774890044
prior,64,2550.0,0.31798157779128683,0.00042805252915693333,0.235593884751078
prior,64,2600.0,0.228559375656724,0.0003221910126400527,0.23375624759707805
prior,64,2650.0,0.2615637916504113,0.0003537353275077654,0.23085628064881178
prior,64,2700.0,0.29830989282119785,0.0003486837783292804,0.23065531284709367
prior,64,2750.0,0.22954826650200522,0.0001955645830593639,0.22719011268629588
prior,64,2800.0,0.2553186314026391,0.00024793895471045865,0.22313459478757586
prior,64,2850.0,0.2864190646080481,0.0003387852633646851,0.22097509645738336
prior,64,2900.0,0.23865407356544358,0.0002370777921173229,0.21889003791795933
prior,64,2950.0,0.256337608282905,0.000173150433830893,0.2172145035581159
prior,64,3000.0,0.29119633821604257,0.00046285819593560267,0.21792735754748419
prior,64,3050.0,0.2353285949135122,0.0003618514231582262,0.2150114716486398
prior,64,3100.0,0.24348658934675496,0.00019161914946051858,0.21154466301193164
is,64,0.0,25.030230083882888,0.6504204504564975,1.0
is,64,50.0,0.24214279435961866,0.00963878161238719,1.0
is,64,100.0,0.3920482279392835,0.005547151994895168,1.0
is,64,150.0,0.4609514798793562,0.008186533831426313,1.0
is,64,200.0,0.6331612268893362,0.012132074617687134,1.0
is,64,250.0,0.678534780245518,0.007701476884254698,1.0
is,64,300.0,0.26713618296856984,0.0023095328703032054,1.0
is,64,350.0,0.22755343524231755,0.00240979092520129,0.9971509971509972
is,64,400.0,0.44153995155357345,0.002640551643723903,0.9900249376558603
is,64,450.0,0.2682880799027984,0.0018088862347062323,0.9866962305986696
is,64,500.0,0.2599227581670023,0.0011659446194471094,0.9800399201596807
is,64,550.0,0.2648186490530809,0.0017468271103984298,0.9764065335753176
is,64,600.0,0.23688359940223638,0.0014281512203413416,0.9683860232945092
is,64,650.0,0.3143793894605209,0.0009154427842951036,0.9646697388632872
is,64,700.0,0.22676697206837104,0.0005011006629275904,0.9614835948644793
is,64,750.0,0.2372709872261217,0.00036065344765044216,0.9547270306258322
is,64,800.0,0.2899747131259174,0.0005988932853765613,0.9550561797752809
is,64,850.0,0.24832285091471692,0.00020064357183803658,0.9518213866039953
is,64,900.0,0.2522393876868162,0.003589797784859938,0.9500554938956715
is,64,950.0,0.2819843009806393,0.0021969282779691567,0.9463722397476341
is,64,1000.0,0.22578052029559817,0.000724022616912412,0.9430569430569431
is,64,1050.0,0.26083361041323005,0.001970053214373936,0.9400570884871551
is,64,1100.0,0.32089483562764665,0.0008894301453249035,0.9373297002724795
is,64,1150.0,0.5230798534161075,0.000333278108647462,0.9339704604691572
is,64,1200.0,0.3540700034607985,0.0006338897760540487,0.93255620316403
is,64,1250.0,0.6193439810953048,0.0010931937572498881,0.9328537170263789
is,64,1300.0,0.33329218191930543,0.0006661759783206266,0.9338970023059185
is,64,1350.0,0.30027061585010617,0.00022175555394606151,0.9311621021465581
is,64,1400.0,0.3420934513423933,0.0006785506929379142,0.9307637401855817
is,64,1450.0,0.2492486463089051,0.0006405051300303789,0.9303928325292902
is,64,1500.0,0.306856652886916,0.0014157173347950469,0.9307128580946036
is,64,1550.0,0.41486322374208917,0.0010547620337604676,0.9316569954867827
is,64,1600.0,0.3352637319983568,0.0008828682287310666,0.9275452841973766
is,64,1650.0,0.29332018640752094,0.001986058487573838,0.9273167777104785
is,64,1700.0,0.33125319930934566,0.0006525512871821868,0.9282774838330394
is,64,1750.0,0.24031246083510702,0.0011931106561364195,0.9286122215876642
is,64,1800.0,0.3216710484170376,0.00038777814843338085,0.9300388672959466
is,64,1850.0,0.23719382811707101,0.0005601120067732693,0.9313884386817937
is,64,1900.0,0.23510348883287036,0.0011058476682798467,0.932140978432404
is,64,1950.0,0.24632495892487288,0.0005415438991078458,0.9282419272168119
is,64,2000.0,0.2855026887405346,0.00044815183532158804,0.928535732133933
is,64,2050.0,0.302796117979991,0.0011977292968949169,0.9254022428083861
is,64,2100.0,0.3135827305425789,0.0005611972694702103,0.9247977153736316
is,64,2150.0,0.25830117167514843,0.00032280125456758094,0.9260808926080892
is,64,2200.0,0.471834214194873,0.0005445554514415876,0.9236710586097229
is,64,2250.0,0.2541251538396856,0.0008632602648270461,0.9240337627721013
is,64,2300.0,0.2407321936135502,0.002628896934791157,0.924380704041721
is,64,2350.0,0.2867684933416208,0.00121117164336251,0.924287537218205
is,64,2400.0,0.2586091932848854,0.0014893687119877082,0.9237817576009996
is,64,2450.0,0.2819360799873482,0.0009247067981396851,0.9216646266829865
is,64,2500.0,0.23780210002346627,0.00029648488991442765,0.9212315073970412
is,64,2550.0,0.23693806907984938,0.00042263338742506507,0.9212073696589572
is,64,2600.0,0.3919385974809794,0.0010109131772249045,0.9196462898885044
is,64,2650.0,0.2682968278058415,0.001741618707459028,0.9192757450018861
is,64,2700.0,0.2544272316553824,0.000825317542519859,0.9178082191780822
is,64,2750.0,0.2746407963941064,0.00033258909253339853,0.9171210468920392
is,64,2800.0,0.29043845302132415,0.0010907271796106923,0.917529453766512
is,64,2850.0,0.2440065909895202,0.000847166081352902,0.9179235356015433
is,64,2900.0,0.23894083741958755,0.0007243541675853944,0.9172699069286453
is,64,2950.0,0.6571838139314056,0.0022147659474535575,0.9159606912910878
is,64,3000.0,0.26048982023623657,0.0006564263926252126,0.9136954348550483
is,64,3050.0,0.39446149139171055,0.0012552369811491975,0.9137987545067191
is,64,3100.0,0.26664491777645655,0.0012277049202815069,0.9148661722025153
snis,64,0.0,25.030230083884273,0.6504204504357514,1.0
snis,64,50.0,0.6231103568006524,0.034604139384381435,0.0196078431372549
snis,64,100.0,0.2687330999023076,0.007959152497934587,0.009900990099009901
snis,64,150.0,0.23895577964316148,0.008896078407561304,0.006622516556291391
snis,64,200.0,0.23080337162807568,0.023014890724396893,0.004975124378109453
snis,64,250.0,0.23233840381239626,0.015244096831942994,0.00398406374501992
snis,64,300.0,0.22805575084193838,0.008418655816797817,0.0033222591362126247
snis,64,350.0,0.2304759833666689,0.008344352703822845,0.002849002849002849
snis,64,400.0,0.22771430366790196,0.0062516120720768065,0.0024937655860349127
snis,64,450.0,0.22733269034566364,0.010407233229716293,0.0022172949002217295
snis,64,500.0,0.22920926884172727,0.007430928670328956,0.001996007984031936
snis,64,550.0,0.23162228569359394,0.010563378733749816,0.0018148820326678765
snis,64,600.0,0.22747106829981703,0.00975706242321062,0.0016638935108153079
snis,64,650.0,0.2271964512402153,0.008677816961144563,0.0015360983102918587
snis,64,700.0,0.2271335789093424,0.004375590337011132,0.0014265335235378032
snis,64,750.0,0.24512961465961147,0.0035448150584886148,0.0013315579227696406
snis,64,800.0,0.22900504293732843,0.0038787803668445054,0.0012484394506866417
snis,64,850.0,0.2272475622371821,0.0019743378520303456,0.0011750881316098707
snis,64,900.0,0.22792667113403803,0.026631453100042224,0.0011098779134295228
snis,64,950.0,0.229639142915616,0.013625546975330005,0.0010515247108307045
snis,64,1000.0,0.2282230821183477,0.005991395677408053,0.000999000999000999
snis,64,1050.0,0.22883917734304532,0.013242177541272885,0.0009514747859181732
snis,64,1100.0,0.22776366766343323,0.0073756788716630665,0.0009082652134423251
snis,64,1150.0,0.22696655156662632,0.0026567306257711753,0.0008688097306689834
snis,64,1200.0,0.2279443136633236,0.00457720967678829,0.0008326394671107411
snis,64,1250.0,0.2268941051304613,0.005984395687116517,0.0007993605115907274
snis,64,1300.0,0.2266849617462791,0.007681261359399749,0.0007686395080707148
snis,64,1350.0,0.22765614161420705,0.0020515960010411153,0.0007401924500370096
snis,64,1400.0,0.22665453271414723,0.009775229533964758,0.0007137758743754461
snis,64,1450.0,0.22774573027193928,0.005658947676960642,0.0006891798759476223
snis,64,1500.0,0.22667154628918618,0.00952662777531677,0.0006662225183211193
snis,64,1550.0,0.22673504272793252,0.01145522911454278,0.0006447453255963894
snis,64,1600.0,0.2264424901437152,0.0030989017177877986,0.0006246096189881324
snis,64,1650.0,0.22684544563975725,0.02350991137938803,0.0006056935190793458
snis,64,1700.0,0.22723585541946376,0.0029863887761976894,0.0005878894767783657
snis,64,1750.0,0.2282113311996566,0.01139513771955273,0.0005711022272986865
snis,64,1800.0,0.226342116226168,0.0041002940832342415,0.000555247084952804
snis,64,1850.0,0.22687956192929357,0.00606243816942038,0.0005402485143165856
snis,64,1900.0,0.226735122324095,0.01100045235069035,0.0005260389268805891
snis,64,1950.0,0.22765423469018806,0.00576324612022059,0.0005125576627370579
snis,64,2000.0,0.2276517372820206,0.0024207232611934814,0.0004997501249375312
snis,64,2050.0,0.22739193687610745,0.017129107316212398,0.00048756704046806434
snis,64,2100.0,0.22719132049620858,0.0062934918603697355,0.00047596382674916705
snis,64,2150.0,0.23189250646714066,0.0014062376209391732,0.00046490004649000463
snis,64,2200.0,0.23627338849270801,0.0069723774419954854,0.00045433893684688776
snis,64,2250.0,0.22701124113322155,0.010228447698949091,0.000444247001332741
snis,64,2300.0,0.22635830214840974,0.024498771240760053,0.000434593654932638
snis,64,2350.0,0.22895922085187284,0.011971749569158622,0.0004253509145044662
snis,64,2400.0,0.22951189557147303,0.0132386224876736,0.00041649312786339027
snis,64,2450.0,0.22604847247058432,0.01200266412443812,0.0004079967360261118
snis,64,2500.0,0.227563759416957,0.002835841306989668,0.00039984006397441024
snis,64,2550.0,0.22931764644798977,0.004421284438212319,0.0003920031360250882
snis,64,2600.0,0.2264897199529063,0.010196099535783898,0.00038446751249519417
snis,64,2650.0,0.22623603782708215,0.020032715905736652,0.0003772161448509996
snis,64,2700.0,0.22870642787021775,0.009027478288765439,0.00037023324694557573
snis,64,2750.0,0.2276673220943207,0.0028741791707460364,0.0003635041802980734
snis,64,2800.0,0.22685772522632336,0.011502474539992421,0.0003570153516601214
snis,64,2850.0,0.22590802464833745,0.00880893688368631,0.00035075412136092597
snis,64,2900.0,0.22587047667956583,0.007904677206527171,0.0003447087211306446
snis,64,2950.0,0.22597543510763812,0.019351882264584067,0.00033886818027787193
snis,64,3000.0,0.2258470214743213,0.00807540337831744,0.0003332222592469177
snis,64,3050.0,0.22632233626689405,0.014134350859815807,0.00032776138970829236
snis,64,3100.0,0.22989716760980947,0.011315076686815367,0.0003224766204450177
